"";"alpha";"beta";"gamma"
"1";6,23960836137974;6,81729813285328;30,1134140569097
"2";3,22809698017372;8,72802057619768;-4,21408164030728
"3";0,759934981749717;12,7054203156298;16,9527875991032
"4";7,7026019492449;7,60525351724516;22,8516350774344
"5";8,81626649850676;5,13379642405726;-15,0851386201612
"6";4,64342584029625;11,6039739034459;30,9064970389002
"7";19,7352700285197;8,31460867184819;-12,8499000228239
"8";8,5667985892725;9,69549241480924;5,70528585280372
"9";3,65651002393773;9,54719790363657;-8,50575177669762
"10";9,19296902422661;9,30634878469473;17,18336752342
"11";13,5847579054521;10,3121919713563;26,6357648177411
"12";9,22264432054139;11,6121814262087;10,8091912260891
"13";3,22219904971024;8,31409763128094;6,36501512669011
"14";4,36739635827237;11,2781362493536;26,2897863769638
"15";14,1733588571914;14,5961358822239;18,4315256199029
"16";7,34183031094813;10,0184871699;31,8720749787439
"17";16,5389945431054;14,428293407671;-4,98977794783528
"18";0,0876526249245515;12,6286756314637;26,4139261542614
"19";12,7745526926508;10,5631627219689;17,835870404502
"20";18,1813553036711;9,33203508176858;17,1178129311675
"21";12,4870453920668;6,79117946391541;7,9258354720446
"22";-0,694144782123329;10,3728723316457;5,08683531300148
"23";4,74428494912173;11,5929640904643;5,24628875479091
"24";9,50999978568389;10,0901679587331;10,3979876276873
"25";6,01886052239375;9,08026057215289;19,5719403769248
"26";14,5193539827388;7,07878518283041;14,3001879867908
"27";9,09153571661694;9,0631249145916;7,97155530714678
"28";10,385836955379;7,32450817263321;15,3766351260793
"29";12,0284193528713;12,5923365054342;-30,4883661959362
"30";1,52640435020956;11,7060369160262;16,9219154850392
"31";18,5909038308662;8,08011544166728;21,2944871077633
"32";18,7124931175778;13,0505462057399;12,1617421401483
"33";15,6835759764963;10,1680081767544;4,66373810478759
"34";14,9695770411483;12,0038527661236;18,1810515591544
"35";19,4792256587966;12,8035366628772;-20,3811636334942
"36";11,1329025719104;8,62189613260052;5,19804794565282
"37";12,9650070573239;9,69488109652195;3,59523382094382
"38";10,2398994760428;6,61144226485444;4,59258721454938
"39";6,66222076369067;8,44625462311145;40,0666970707636
"40";12,0529418642772;9,36520177537851;34,656538752162
"41";16,4273567826065;11,2854664680011;37,1490446327583
"42";10,7603639640044;10,0524370482541;3,02558563359536
"43";6,38519633416336;8,0464989917621;16,1109819113255
"44";8,86812691564049;10,75556001921;17,4103539680495
"45";6,96414851183934;11,3113514376735;17,117192752041
"46";11,1924578792374;10,9136961889485;47,0426149068545
"47";-5,1920100968015;8,99465691620293;23,6453586658822
"48";3,28379064530886;11,3171987155513;-0,850223182329072
"49";8,1122058062958;12,0200149918851;30,6506083176921
"50";18,6185919451727;10,7602657606798;4,01459447212028
"51";11,4761610044549;12,3531937857914;11,2083853386453
"52";10,0936164275367;12,307050044511;5,72911249671896
"53";9,80794200201643;11,9638249693773;3,92489866915934
"54";5,28373091879671;5,38815049288242;6,59897443571727
"55";4,72001568322567;8,82425090725534;24,8685492326467
"56";6,78635197896954;7,8883506369781;-4,70948273398089
"57";12,3765182505991;8,46933524609889;39,2976370362367
"58";0,839916447668539;7,92346702360604;7,29625264430014
"59";9,62722263668242;14,042123565812;1,76005380441604
"60";15,8569336449158;13,8377715166337;28,9436527747438
"61";20,2265571849949;9,87375443101294;1,86745697734982
"62";10,4917165719047;8,5130181997124;33,5825170068278
"63";9,58498682774053;8,12179008476367;18,9947572298728
"64";12,6049822267902;12,0019145075476;9,05770394772591
"65";5,0985430741442;13,7367261811619;24,2235787864161
"66";11,217471114455;13,9095489988522;-1,66739036452387
"67";4,21627892643743;8,35170619486498;8,23416140544265
"68";7,40401585312906;7,73555209793392;21,0132673080016
"69";14,975511533332;7,19390884893612;24,4373659849924
"70";7,00782381445872;9,06553451823416;9,72332497132748
"71";9,33440347416939;8,40956498196516;7,24248726189374
"72";13,2291525295583;12,0883924254229;-1,95718166156865
"73";12,2218270775811;9,4836532235058;14,2352057024688
"74";8,44592597129201;13,6114887260384;19,5295402209925
"75";7,66866427521154;10,2297651006003;-11,363346229459
"76";1,47274492214901;9,35584722561388;-3,4069672390225
"77";22,6826032526591;10,4225663612129;2,09115879787591
"78";4,98414400223643;12,3670400625698;5,57076802726691
"79";16,7758784914594;10,0264721860901;-16,2041177203408
"80";1,85400049697206;10,5651879937848;20,9132665204622
"81";13,4027622882114;11,1117922734541;5,10081424959906
"82";9,52273484498699;6,89402984156201;57,3358293337802
"83";8,54579882019683;12,719252240621;31,3926105940791
"84";7,22121704490591;9,82018269645199;-6,57088053664764
"85";17,6378745750724;7,92321984912454;29,2418845620113
"86";8,5236540569531;10,279023789062;39,2243521321548
"87";16,3765953880266;8,67198304409956;25,0805933723222
"88";9,55870806635714;12,5197006056682;21,5700569291752
"89";11,2424506853418;7,6828990036721;33,6699717489513
"90";7,56067278894749;12,2664389885519;17,4926089359404
"91";15,1439338614172;9,65129222017774;-2,67472661751579
"92";15,2021095441272;4,46072965061862;27,8789674325611
"93";13,5763920951577;10,7132463457057;-13,1600423557875
"94";11,1784415960699;10,2620778798727;13,966877676142
"95";6,31373734191998;9,09034833244797;-5,61821903223192
"96";16,4896545811626;8,40919306717218;-12,7534718785388
"97";10,0761902813749;9,0152356406793;21,9979250113936
"98";3,82045114396089;9,99821927627262;20,9110764324013
"99";7,52235096509964;12,0009588488122;15,139379865158
"100";12,7900348346992;11,8991636916408;19,7655772619507
"101";8,81795182595917;12,8840374401019;36,5052045657007
"102";8,98701133965252;11,0305336253881;8,06621263361583
"103";8,45525433328195;8,96414787622749;29,6927790751773
"104";4,87421590808915;8,28843149981993;23,9586658128888
"105";4,97754855221406;7,62492636015982;42,7236027975797
"106";4,70471030043358;6,88907299188422;-16,9088411699368
"107";3,61306475114203;7,61645243631849;2,98421017500009
"108";10,7378020344887;10,3076022071652;-8,35185833347528
"109";12,8826803928721;11,3259766927818;12,3707476283107
"110";0,984781229369116;11,6259283047293;8,41808721543203
"111";14,469443491308;8,14290878287873;23,2345320944047
"112";15,5286033672183;10,4658406160089;13,1824906411712
"113";7,41044199022741;6,09027730913429;29,3008198161175
"114";8,77344942854049;10,9966799840008;-7,13412153467568
"115";8,34403003984025;9,9664340019115;10,7153327607738
"116";15,8545782698672;11,3213231090254;32,9863316592921
"117";2,00183711854422;8,39906078160832;31,605247602903
"118";14,3804753623054;5,52177922941281;-18,2451251687529
"119";14,3333311776546;12,0120675857474;25,0799584655403
"120";10,2080973357439;11,9239945164809;3,31684846911605
"121";8,42785688503575;11,7416481482842;25,1401017517036
"122";9,24690383352778;7,78318357668531;13,3011042167401
"123";13,9587383280636;9,97941925121409;37,3925553409354
"124";8,93138346599855;12,8424547757268;24,2224126491716
"125";2,59958097100334;9,76532358744386;-29,3127401625237
"126";5,37461070963705;13,4316318902166;21,2626211563476
"127";14,1284237205183;11,3786237046875;30,9330549542338
"128";7,53648093588423;9,65628678484236;14,0581445603911
"129";4,90784316081661;10,9565322507141;18,9567217826194
"130";10,8545110762436;13,8752278736143;-8,7390663729522
"131";8,31318440278229;8,37849584808707;27,0251482601707
"132";4,9928859240456;6,97803676084613;-7,0337262478668
"133";11,4656955991923;11,775713793443;-9,89751062067057
"134";8,38616333439258;8,38868766518799;16,4616084670031
"135";7,39258196372923;11,8650910422609;19,6805081164173
"136";12,9109984562869;8,56488065172013;-6,85524477163213
"137";4,34525909452531;7,10676688174887;-1,37924054297412
"138";10,5910139972223;11,3388845174582;11,1689331869642
"139";21,3408683353659;9,49338075117058;-4,59134221440431
"140";14,0192366813419;10,5843373982573;34,2971978121702
"141";7,09197537832568;12,603083198942;9,36200364127164
"142";12,2544532083629;10,3365750930388;15,0172171081509
"143";6,76572896836928;5,58617679704149;27,4798733059613
"144";9,37355980356255;9,83406088389735;25,2765325915057
"145";10,1013059855919;8,67222259990383;4,70673978772556
"146";11,1217871490306;12,7490971596719;-3,64654894716809
"147";1,90160041535054;9,31004410455767;31,4240559137354
"148";10,564139594157;5,35176473219278;23,2273891671228
"149";12,9426994576713;12,9419831585664;25,2819736320925
"150";10,2718352497779;6,94482735423287;15,8981861257484
"151";10,4776353230806;7,54212122419006;7,65591732743933
"152";15,8515478890037;10,3084496496901;20,65980651395
"153";10,6745904904998;13,5191495402704;3,80526364645475
"154";19,1682560332681;6,00981945607575;30,891239935755
"155";7,35344732922029;11,6147038457885;39,2377140732629
"156";5,46262839567183;9,72053123816185;7,81862791312089
"157";9,50064826855123;10,3823180437888;-1,93269037996651
"158";16,4889027182679;7,19350396614062;17,6873039713163
"159";13,9114237512739;8,09576169344168;22,1989631294315
"160";16,7705231398996;11,6356115538791;-10,7678670565666
"161";3,29569346684036;9,24427920714031;10,1950485771849
"162";11,1015035958501;12,8404295196643;13,3671358902167
"163";8,90746168722552;9,87302130282874;2,52641331336483
"164";7,13356473299456;5,83325624341224;-14,7913386413404
"165";-4,71280922559041;11,0459914254409;4,10168368283806
"166";5,87819986464103;7,40705339425904;-34,3548318271804
"167";14,2050961235092;8,58730919498725;18,0083440187014
"168";8,50365953296685;8,10197617211324;13,3360756999234
"169";12,7641569657248;9,42059745702259;13,3769846603892
"170";3,54559890604793;10,5719776452381;28,5824156096641
"171";19,2355511003333;9,32196040487826;33,1034224539104
"172";8,27250708083188;9,00112071449057;2,76557828777023
"173";22,1766995749102;9,6747742637231;11,3059275212926
"174";15,7873939580276;12,5492681001941;3,02788514448882
"175";13,2823652979963;8,12778710391223;14,6326137322747
"176";4,4343959397874;9,79510473689117;14,4737554356219
"177";2,28070510110111;6,89848176723586;19,086693534423
"178";6,23470592317746;12,480335637563;-2,47938430246629
"179";1,34533457575475;9,92408091510892;24,6723005587619
"180";7,85152440884743;9,92438547029956;17,4705421224527
"181";11,9095141856525;12,304516370729;-2,57237787592188
"182";12,8156820669;12,2421284237615;-1,02979021492919
"183";-1,08635141314014;9,36213491109196;-7,36224166945864
"184";14,9443062480458;9,69069131566752;9,51385615507186
"185";12,3183992746546;10,8863993553064;22,3179586480915
"186";8,47349322566894;11,6191350155692;4,32525850754933
"187";16,434131668293;6,98945509435331;2,55667513535747
"188";8,24234221008737;10,2033928859588;16,8998506057157
"189";5,62298558851298;10,4773580771124;34,1908545768412
"190";17,8130608425547;10,1528514065345;9,95198451102382
"191";8,36338063629359;13,0395003945861;26,7579362647568
"192";8,35902484450666;6,33575437612581;34,8566660206827
"193";14,8823500082107;10,5315484723221;15,0474355266318
"194";9,97428498809288;8,96863465949912;29,6824014983441
"195";12,4426516696023;8,58236284412445;6,34697630742526
"196";17,1436964986129;8,51645276817922;2,14652172274019
"197";1,22726195945081;13,1117245293333;7,30568015596772
"198";7,99140857287103;12,1178630313311;30,6546259963615
"199";10,5968071419292;7,71865635439953;-8,7901981063242
"200";22,2437952482083;12,2216979480526;16,6018326207195
"201";9,27272862942424;11,883068115158;20,3889301036814
"202";9,12755386098555;12,3996051323549;3,50848830599008
"203";20,0965838046005;9,13636206374616;25,8324642335488
"204";15,2817244858807;9,50324334689359;-21,3661477497315
"205";12,804859937421;10,1973743445441;10,8545604439678
"206";16,4411039006552;7,07465592598521;2,94910313742252
"207";12,7444101054814;12,8294468335936;-5,51201910133102
"208";13,0987056645714;11,1229923090899;3,80190956789624
"209";6,18068354915144;13,1658395340368;18,9436380754931
"210";5,33605707442073;8,98299340459449;4,327874620434
"211";2,31858810864052;10,3901039036334;27,7883100012905
"212";2,594871460313;8,36600168098175;-6,15169521533291
"213";3,35476739413067;11,4386515958389;18,732419779591
"214";15,3684080615053;11,8605170101891;-19,5513513767823
"215";15,6564993404021;12,5036408271123;17,4054644794714
"216";11,3198920111959;7,12256492027477;8,12122390662295
"217";16,8321735213508;8,11310863757448;1,84764482236281
"218";14,3269540968388;9,38058461001492;8,46287437198856
"219";12,1695116448639;9,94072502500232;7,17684331236526
"220";-1,79490168717372;10,5703785626715;26,3896212599135
"221";16,8344551958244;11,4858123411592;20,9041460794228
"222";10,415895530423;11,5971047132292;5,32160297523989
"223";11,0112422498234;7,70114989866807;38,669842901982
"224";7,50019143238463;8,01457632038154;21,6103439692571
"225";9,9127286756956;8,40852033647891;22,7545481085846
"226";10,7864899404814;8,46656734103591;40,9581104354072
"227";11,2217066158066;11,669199583861;4,66420627911689
"228";14,8963772710287;8,09948521004105;-14,7004584824921
"229";11,0992121632369;8,28290074982528;13,0166656385479
"230";9,09694543691666;9,99577557346828;5,09750287596029
"231";2,32981290457584;14,940864600172;4,55944428663254
"232";7,91011039851733;10,2525476755809;0,445380580304251
"233";7,77267659874021;7,50692325128649;42,6093983970702
"234";6,18454959613052;8,15385084542381;9,10703652879735
"235";4,94489671907775;6,30645563559685;-4,79587817504529
"236";15,9131541317593;10,249845349022;56,1122012734078
"237";8,90598534781798;11,6792029960918;14,7646546004045
"238";7,14705572198365;8,90180683944234;12,3724339607865
"239";3,74163063984684;14,0148191454457;-5,4353780532873
"240";2,3026120567791;7,72938148634965;16,7210706216239
"241";9,32038351918365;6,57226094252935;-19,8648446479106
"242";7,22397547546842;8,28333025971893;22,9902532016791
"243";7,11361966988516;6,7176280495776;30,9477279492593
"244";5,26044017931925;9,71619532335633;-1,09624551416531
"245";9,60769794606832;6,87215694264642;15,9152154466114
"246";6,588229404794;11,668388985144;-0,95662304159802
"247";7,90949869270566;8,85071118516929;35,3035794241085
"248";9,40959842244382;9,69078223448787;12,4367851449943
"249";4,43811422822578;9,38667324163993;22,7694459921473
"250";16,8007152154366;14,1367592416171;14,0856589119785
"251";12,4230729807081;12,390796374906;-6,71966208337821
"252";7,54543964747757;7,24158155641353;-21,038693936845
"253";16,4773373361713;11,1728658504212;26,7622625257387
"254";5,21297316703162;10,7290620748185;-3,27850038013611
"255";14,7775714405589;14,3187662006667;-20,7291722930785
"256";11,9364100880974;13,0737696914891;23,5213955495933
"257";11,5334508394541;10,7103491960004;49,5124196665892
"258";10,6490233710262;10,824297966927;10,5342842452847
"259";11,7236941530162;11,3650506709193;-6,36357003105156
"260";12,3853623305205;12,8418135714018;26,5717207187263
"261";7,27320358363903;11,2687569672352;7,94152355873783
"262";3,13709385745401;10,5066428066626;25,7114823436319
"263";13,4540628708615;10,8373540502952;-0,825450055309453
"264";10,5292764090899;7,44969255092373;4,3554870532968
"265";8,94177678916069;10,7440925245583;1,47702523300383
"266";3,87798004387208;8,83147894755483;1,78529771549606
"267";8,66685426262415;9,03564891299431;-0,0849899936629797
"268";12,2447812258677;10,3375614641824;-18,9973363936589
"269";-2,10560505103246;14,8148447938209;13,1893426307137
"270";12,4895528308087;10,2355747251163;-9,5530337792899
"271";4,88707273240499;9,53894632753413;-20,5973508508089
"272";9,5241855416876;13,0123056936447;-9,17258627337826
"273";8,99320065246855;9,674259732167;13,1694974381199
"274";10,2148645904209;10,5984264926218;2,6448790467355
"275";6,93236247506192;15,266648556298;-4,51178942667922
"276";12,6025042653615;10,5766751118194;-1,3214560469496
"277";7,98272452829953;10,6036839192302;17,4832945849342
"278";11,6579066286948;8,81372021238465;-6,92447991583391
"279";12,196409946542;9,07532055340556;-11,9900346137138
"280";13,8991043893201;7,59101914472599;17,9992562135825
"281";9,89298005895139;11,2584162304525;12,9407359881011
"282";10,6657941098838;6,00271145796715;6,56937582344517
"283";5,30118763520654;10,6960764323657;23,8941819324575
"284";15,6276411641337;9,63751139775741;25,0698868813869
"285";15,5930628769039;9,22621483972601;0,476862473778807
"286";10,5235082967885;8,65224938108783;8,23334587308024
"287";16,9646011017895;10,0341521060329;14,9663628133384
"288";17,1737518178622;12,0088245242441;1,62397801111449
"289";14,6632923022482;10,257161064698;11,0333136082781
"290";5,65253471961494;12,5446948472635;20,0085285629479
"291";6,5426856369788;12,5120117797942;6,00854585977044
"292";3,22255071902205;7,32040603084084;-2,88861326273837
"293";5,55673687417732;9,44750899251997;-15,8556928427594
"294";1,10299507761908;6,87129478175303;6,09630755005813
"295";17,7652348657784;12,5163109073693;-0,0977446860788671
"296";16,1215656861788;10,5459051899809;-3,14069847566459
"297";7,2286372662351;8,37905812017247;20,7188282774115
"298";7,90309914273846;12,0938223702063;8,48816523721508
"299";8,03017309856816;12,0585767308569;-4,72125778420104
"300";9,31041984365939;10,7101986928976;17,4418016939822
"301";5,04649728361244;9,25442129234755;4,86083622511467
"302";7,66207180737617;9,96806613108779;15,1865920446108
"303";5,78808163526864;10,2676849255697;23,0364919004322
"304";6,27631363682991;10,3384205953269;12,7661684334592
"305";15,4025555932118;8,05010007940414;5,73711794713782
"306";10,9625064065801;9,93930098460725;-5,20631238265455
"307";10,1323863818446;11,4239331714869;-0,623631067500069
"308";12,1432053406701;8,1871291690057;28,4947305576966
"309";11,7922779566859;6,29095111514826;-0,102894068926346
"310";5,94229046098233;9,88852031979966;-2,97112746621956
"311";11,1934937893322;10,5281524990371;14,5856049881783
"312";13,1748489673792;9,98477222630586;-13,5512849901497
"313";12,6586469491816;9,5951202161449;23,3487242205456
"314";14,9792765238767;9,06254809371023;11,2306917410521
"315";5,05305404232779;9,00964214492681;-8,39555344247369
"316";14,7150377960299;7,07359586473865;1,93128375702941
"317";4,30279096672674;14,4831806142398;14,2138805513658
"318";7,82574457999405;7,69693308613062;16,0233543458404
"319";6,44036758826935;7,52942888096497;13,9156133753575
"320";9,87338366976001;7,43745558560037;19,2840801658052
"321";13,4271511452674;10,023534479488;8,29798219537844
"322";4,28668328235546;10,4797580029084;17,6711362407102
"323";3,23890052354018;8,39864128173502;2,64139744055035
"324";27,3420911781185;8,73400722668993;6,0890167004692
"325";10,3593631650818;6,65844426235402;11,6919388116021
"326";5,62251318915595;10,895653176882;14,366981179981
"327";1,25918452320509;7,57189771961578;0,841200841780401
"328";3,95363925074341;6,41089208371178;23,4495060877377
"329";9,57849819511559;11,0978221066685;9,92027120301348
"330";11,8109693879981;9,08201119189797;-16,0730352513481
"331";6,79486097871924;12,5705070639815;-1,39118934126323
"332";7,54270992121496;10,0671776024029;-35,0290480212466
"333";14,018323184094;8,41662915244503;26,7142773222241
"334";9,04495655597462;8,174156356467;15,4002304353082
"335";14,4007440782091;9,531662888137;-8,40380486649954
"336";22,8857109709876;12,5388250938154;-0,285081025875288
"337";18,0522819115328;11,7393952199897;26,5600584802767
"338";12,002707481811;11,2280380443338;11,2607826625718
"339";12,97701963519;11,1888605450583;28,9215344353869
"340";6,96927808262711;8,40179916727749;8,62602287406476
"341";16,9698560625305;8,03550371616117;8,33276701952487
"342";8,62583396838228;11,4496097241737;23,0089613735242
"343";6,20914750859255;7,30471216303756;20,379061222719
"344";23,2780111424795;12,8482862243068;4,838252876874
"345";11,5196596662204;7,81002592646808;-8,13427750499332
"346";11,4586372382974;10,2759026241041;2,125797808721
"347";10,5731612591394;10,0157268727084;10,4817904956237
"348";15,3587725617157;11,4362808441646;15,6814396466053
"349";14,1571795943276;12,2064912745128;24,2675245510674
"350";1,6913778673848;6,91592679350403;1,92221697654692
"351";7,97614180221069;9,56291228978234;0,872572692236361
"352";15,2318695279949;10,6462782087155;3,4232592015664
"353";12,3976296668241;7,69211367615175;-0,0912353955173071
"354";7,52675723679444;12,9530965994329;8,73147835387565
"355";18,8089349995885;7,83238171966342;8,80168157356427
"356";-1,41677528401643;11,7361171084297;-2,72514282258593
"357";9,34527440165741;9,03928302704888;-8,28377357736926
"358";14,9740456955255;9,47258604899293;-14,7899682448035
"359";7,53442501993733;9,67569333629139;20,8222127260391
"360";14,8536189468275;9,5015175656615;9,36729504330663
"361";11,2641152470121;8,20328839863458;21,5422567237835
"362";14,0289546221644;9,76409737105749;-7,95125701410354
"363";6,37001360026379;11,9053835905116;21,1333715796446
"364";12,6780580072412;7,72132134018007;27,8711997336752
"365";11,6181351939278;9,1516529972026;5,34940930730807
"366";10,1953588822389;9,14281512882144;14,1348262306136
"367";15,9433589478556;9,07006467928094;-9,68073098724403
"368";4,84337605506169;6,40240644440969;13,2021840468674
"369";17,3783472874997;10,8482573333878;-11,4844478089513
"370";11,1318847639108;7,35905860927719;18,0596788332152
"371";3,80269714317385;12,9686522651309;-6,16488486966605
"372";-1,17730291643549;10,5063008050731;4,5863465251519
"373";12,1097917344806;10,2842363657873;-1,03059515684881
"374";17,3565951510261;10,3519598475498;23,0091142692433
"375";8,34831118904017;11,6456518113211;16,2265435552357
"376";1,0355287425147;6,98063349740541;33,5458458309523
"377";11,70269966911;10,0574047854441;-19,1588234494047
"378";9,66368523106453;10,698406546852;33,581473357637
"379";8,72521437429661;11,997402789728;7,22997703257397
"380";5,13389276484049;9,60615030616134;11,1996636878397
"381";14,3964771362031;14,1223341327097;20,7096815616912
"382";8,98204448419968;12,3639490963237;22,6765502329641
"383";5,42477091996545;11,0739552965794;56,6709376847796
"384";2,9667266830852;13,0674678319819;8,32933231527825
"385";17,573719133907;8,22969563056907;-3,60479157275475
"386";4,72197746074822;13,0371747462328;7,55529370504681
"387";11,2809348727027;11,8447804742875;-2,14692031955033
"388";14,4336511114917;10,0580685082144;41,4863401656679
"389";15,0460974635542;9,14599901358206;24,1879696877877
"390";5,7385681870254;11,9228548731924;24,5765838775893
"391";8,42181751482389;7,35616731613415;24,4233923284505
"392";13,752977817628;14,1223409309712;-19,5923619209574
"393";7,28468259405945;8,12101388623739;-8,60081771290299
"394";6,60482544882208;9,19993917744323;16,3363401879075
"395";5,88002315981706;11,5125799415416;28,2867469429699
"396";12,4724126418261;10,1333433915251;6,46535998988015
"397";2,79867623313015;10,0464130224483;7,65192071391063
"398";9,63117380129806;12,6998376780924;7,16985671032131
"399";12,769074258099;6,01404912563666;5,01367006544591
"400";14,6767782784514;10,1111459726608;-4,25801457421475
"401";21,1388464095296;12,1915436376309;-15,087312072654
"402";13,9933898830332;8,9988239422451;31,2754677675212
"403";9,35126920739736;10,9275025479929;14,5168489122799
"404";8,50860424628156;11,0623300538213;19,3967054704594
"405";9,82435360911191;9,19033862648179;13,6476838316805
"406";14,1583810401706;9,96038682699209;-10,2836096818807
"407";6,08239603941936;7,17978571023634;15,4180398692023
"408";10,9906670093544;11,2809992913926;11,1960939165694
"409";20,2291204684196;10,1677176221116;-4,61554837105044
"410";3,92811388978048;12,95898635978;5,36447054726734
"411";13,4959116839786;10,9095217814892;-2,77697131964459
"412";16,5351165214964;7,88237637522234;6,71841067826371
"413";-1,97362078779374;6,08392638629166;4,60415064705277
"414";16,6278170509808;7,29310280722537;-3,43273291402048
"415";10,2663899475006;10,3525837205475;5,17945153717164
"416";9,16178492946495;9,38757563968509;3,10790008936259
"417";1,15366921222947;8,32108820460025;-4,42968935634772
"418";10,9998007636536;8,48029837347786;21,113238167436
"419";-2,76777362542319;7,74401011778624;-13,860204656468
"420";-4,10964345440332;9,72877921263376;31,7019209760906
"421";8,87766614023347;8,7634264835571;26,8018503625809
"422";2,53256181609186;10,6901297834574;2,54225674036605
"423";4,31124777884598;10,7165819115554;8,25099728250236
"424";10,5906081772513;10,6553147284849;4,86278688146753
"425";3,19652266434183;10,0326250346851;10,5461384289052
"426";9,17137157886474;8,34590434130442;30,4369063810357
"427";6,68808328952997;8,09355380781636;-7,70391426890665
"428";8,6351171173214;10,8542846336308;3,57689972270775
"429";13,898228203375;11,6450179591251;5,69729513641628
"430";11,4211607166897;11,4910322877197;-19,2145425422939
"431";17,1768669366026;9,76334741348131;-2,09079216214082
"432";4,30307977113167;10,2169275095143;9,54039927950456
"433";12,9220947210051;9,80464902795124;21,1370763826413
"434";8,43695519870471;7,22517406576587;-6,01455853018279
"435";16,1177795188238;13,2899927188397;11,3366109484709
"436";19,0978880353889;9,53157693816591;-3,012854616393
"437";8,13214818300813;10,0104224421483;10,1897996861378
"438";10,0929228274688;9,19401648449166;8,78273896318729
"439";3,99469814783289;9,72685415432508;-2,29285146660695
"440";12,2047247751562;11,6769994756509;28,2956667594956
"441";13,3466260832126;10,9453711586144;-18,5703400060763
"442";13,4392437400128;9,35720881880423;3,13682260984703
"443";14,0736015619251;13,1961316334352;5,67333218966442
"444";8,63264897644142;12,4893740880867;30,4172929593042
"445";12,2338857682427;12,9815226290464;18,0510946468219
"446";11,1304388766174;6,66538850147117;23,1091922497523
"447";10,5055470490422;10,9156867126451;20,7297650249888
"448";15,2456249438651;8,61133586043104;30,6085853149789
"449";11,6794360673548;10,2537011123013;1,30058438668664
"450";17,622386727155;11,5625521907664;18,4135934979238
"451";11,1474451171338;8,46603438775111;-6,49361155452475
"452";7,64693042465412;7,10000702706939;20,6975962925976
"453";15,0106569617064;12,8534699826326;11,0023634867264
"454";14,8038534616768;10,6758358089367;-11,2331265887856
"455";14,8872786207742;11,3752158317845;7,36699569555202
"456";4,79351173541699;8,51736212501954;33,1415319045649
"457";5,2640644622137;12,6800638092236;17,9747065435397
"458";17,2657605261373;10,8460652962881;4,78593637736662
"459";11,7090601551271;8,98005458326709;28,5498120835353
"460";14,2127711900448;11,4842322955467;5,97397033828779
"461";9,74746608952692;11,1476904130967;0,120484992797193
"462";4,80909172599106;11,8520227340482;17,8940908550904
"463";3,23386432285639;5,3294936494775;-7,27891497704487
"464";17,5556369564641;7,71221178816911;36,8169422706892
"465";11,7801788264282;11,1442286751098;25,1672015777133
"466";2,32407703820644;12,0160099662762;-6,73496612992411
"467";20,1169299898639;4,9472951859055;9,00684188998805
"468";26,7301326569275;10,0439438835253;0,27389909616879
"469";14,5531283375594;11,2503759504592;23,781758326136
"470";8,36570539785606;9,77233509925107;38,8497975563406
"471";1,53677259556382;9,18428836560025;21,0013529127033
"472";6,77067096800672;11,4445345661473;-14,6420967662936
"473";10,6267719365315;10,1974088762561;-0,525161618354701
"474";11,2515550799822;6,31681181275638;0,0563478080487219
"475";9,67206659775403;11,0485192643662;-15,723564020209
"476";4,79652197498379;8,54460179722778;17,1717841469048
"477";16,9001605551434;11,9603255242611;6,66764497188
"478";3,396233848659;15,0382290802923;1,74122168091215
"479";3,23684556402445;9,78329696186192;30,340579941465
"480";6,07421571488694;13,8408311316089;6,57869446923152
"481";16,1815595944733;7,21861181823966;15,0080811876844
"482";6,32418736686549;8,37382910652508;19,5046574980687
"483";18,5695833808479;12,2598112879461;-7,0341514716451
"484";12,5080147190399;11,0023868921453;14,9402541669534
"485";12,409574363471;10,9274888330667;-5,65893296899042
"486";10,5194465255204;4,0372444462907;13,0263658315569
"487";8,94086746860245;8,1665333318186;14,94267987495
"488";9,77802134332647;12,1672213140882;15,4225504110854
"489";4,64367416728301;11,8188213991706;-5,65083526633284
"490";7,97251031978969;9,49023867686697;-4,18186873737446
"491";0,732341823445172;12,4255396331699;19,3740169848265
"492";4,8728942256815;6,62219463652498;16,2001959209671
"493";12,4949250169967;12,2424360488819;5,88454954099784
"494";7,92498106050643;8,79912411835641;41,9271582737459
"495";9,55243245507352;12,551376122295;10,0068513986044
"496";4,04625540444931;11,8517935555035;21,7958855752562
"497";15,0246171899718;9,48872161785999;12,2555348237073
"498";6,76475130547847;13,7126717380922;9,10604213985422
"499";8,63226540671182;13,8525648020683;-5,63589852862936
"500";4,02018488966056;10,6392318583059;13,5451855756396
"501";16,6630535845204;9,56956381417445;-8,46973242661618
"502";7,27473578292984;11,5027201741574;-7,09331204698526
"503";9,99530910133318;10,5323855787158;11,4885216031241
"504";6,77319141763016;6,80559092813874;-6,71866964106481
"505";8,42872541959022;10,749277967999;5,9383382109103
"506";15,6601879635711;12,8941750662524;9,51477791825045
"507";14,2766179166228;8,42759841088767;9,25644241406175
"508";11,6716497793853;11,4126794686106;-9,83817478872565
"509";4,75444762484356;12,204723813587;0,0080333169196436
"510";11,7846893768595;10,7811357565782;7,08939725865155
"511";8,25399753614013;14,0951968936582;5,15040454654151
"512";12,0015752921058;9,32651247219906;-26,5871624729729
"513";8,6130877254184;11,1332545630305;21,4945764448112
"514";6,91746994445662;13,1513560968936;0,424072199697637
"515";3,62487651673293;10,6559232927227;-0,0140563550871118
"516";13,2823670805348;10,8511920786682;29,7332951898902
"517";6,9174334709844;6,5515051374926;14,5745212958482
"518";10,6949630349832;9,97346059976624;38,1459118548184
"519";11,3409514987097;13,7256815139215;19,1437121795296
"520";14,9692748279887;12,1982469807839;32,5981726679302
"521";8,12628972978528;8,46137506332177;10,7340674892068
"522";12,3108214102276;9,7575039277653;27,0443585036019
"523";1,91640322111428;2,52281909993988;-14,9957853953154
"524";13,6280162538013;10,4581293798184;8,18144793479802
"525";-0,962856485324046;10,976453572937;11,1365595954903
"526";16,7735502273891;10,1995106024301;10,3346338914384
"527";7,30500505560004;8,536184033613;6,35621322980058
"528";8,42693780149251;11,9236456974396;0,0124918856993972
"529";10,6859736224457;7,6525578663567;-2,09173655273705
"530";17,9427866855864;11,5524219789028;-11,1839186381322
"531";9,26902805784524;13,0117724771885;-3,11779661188178
"532";12,3086244603497;6,94290938432985;18,4446957018613
"533";10,2075242310642;11,5892372609291;22,9926304561546
"534";7,49793117796373;8,98386455456331;-11,4542680374169
"535";-0,467417480418938;10,3374244741214;10,3129520506103
"536";12,9073059133344;6,96665716648757;10,0038262490153
"537";13,9649997227068;11,1720866314646;14,6571796798748
"538";0,20405823287369;11,919409130014;-5,4589444809584
"539";10,2665920232558;9,46923318883174;20,6027284180173
"540";11,0578446072047;11,9426862422703;15,6524863829711
"541";9,80672915249596;11,3138159573416;26,5811880740352
"542";11,9016106346858;10,1207758430916;-2,04412892389073
"543";10,0821885162615;8,99533750373239;-6,61202432666742
"544";7,72362263111354;10,3891047810965;-10,5619642955827
"545";9,79256555843534;7,93042160846909;10,5302447036112
"546";14,5870745022025;11,6531034181189;31,3771559638199
"547";6,94635024092637;10,7874470514552;47,1468030121413
"548";7,06328979299556;7,17849528753856;25,6731096514377
"549";10,4849216084728;15,6083941407607;21,8120425887028
"550";8,96726779542976;10,4122810922979;17,0902503598479
"551";14,0617128394042;11,5964863824787;42,902540376215
"552";7,48272458036354;1,54183889323521;27,0810341431136
"553";11,4710989057427;7,49234820817352;30,2723594643665
"554";7,27538795642543;7,01403480121199;39,0224908372271
"555";8,53290040767929;14,4603403795728;6,17201178915388
"556";7,01028901208159;7,5387029402232;32,4445126560863
"557";19,2682635822112;16,7177040879286;1,86998026329691
"558";18,456770181799;10,4487686425775;51,1528997290272
"559";11,0081170699348;12,3843814043162;25,4910703503566
"560";12,1336830258754;8,19905007629042;19,8328709808165
"561";3,6598173130766;8,46223506941747;15,226701705132
"562";10,6664894282648;9,98822408996769;15,5739271058237
"563";-6,68775684739744;12,9465957476374;-4,23474054682905
"564";11,0271216053127;12,1875220461867;42,2075725645746
"565";15,6383782362124;8,9847935895423;25,8459836264689
"566";14,6178023009112;9,84533519000941;-6,37871099540285
"567";8,27860747037739;12,5452974785577;12,7616347063654
"568";-1,92258293660041;10,1049074093098;-8,67821935124512
"569";13,7217812712326;7,65149974901323;22,219864300179
"570";18,5528191223853;6,76147596659117;31,897495126347
"571";9,44753234557409;7,98740806873654;22,038227105092
"572";-1,88656308377774;10,1435708280813;23,7942940281712
"573";7,07575966889171;10,4680631735386;18,9951015705589
"574";5,56059821660586;8,0592960608181;14,157058853662
"575";6,90770317818707;12,7110956367868;2,1925683631277
"576";7,90562186005185;11,0000116431581;6,22362713353136
"577";7,89172283350965;9,58692830557126;-3,8631470136503
"578";18,0535685767413;14,5712495015448;6,21031039650239
"579";7,77517585438199;8,57618059000841;14,8980558823685
"580";9,56751781854728;10,9382073494034;1,71447792041829
"581";6,17125741381972;12,9567102043038;6,36791518543379
"582";10,8704644878067;10,1351799199477;7,39010336327243
"583";11,8309332671709;9,31817481088817;5,21844058945929
"584";21,9088290053357;8,7545914605931;-15,4689718488348
"585";7,07434872596044;7,58269632097798;13,7947975093351
"586";14,1093395087027;12,1648210099201;-15,8876369752123
"587";7,8193419363722;7,96561594440407;-7,46373198503923
"588";11,4261145140895;5,88580508116485;6,88853516551951
"589";13,3973648784232;8,021841022985;11,0247838200086
"590";11,234537726115;11,5710790558761;19,7245853269975
"591";16,5418233411344;9,35172520484951;-3,43999482633305
"592";5,29136373147268;10,8126176600549;12,226231522319
"593";1,5860579824184;6,88739044919258;10,9364680722866
"594";16,2300641038736;7,1797847070016;15,2544014432362
"595";14,7936572293945;9,43180963868501;-4,73663646402169
"596";13,84717952901;10,645161405629;7,93770927128307
"597";8,71620055636656;15,0440366453434;24,0473447544822
"598";7,42622851060227;5,14427351902804;18,614205598919
"599";13,6134132367096;9,85808405230625;34,4246069682333
"600";11,8425268327601;12,3234528404705;21,9959854267552
"601";16,2003897910195;12,0536139487053;-4,47914806664288
"602";10,1305623606035;8,77909580087117;-32,7776002337898
"603";15,5157254398108;8,27130537518885;4,57284068477631
"604";15,2210971228099;10,6897779438788;7,74048938077751
"605";10,2635982933599;9,85256448665337;-17,6742566429349
"606";20,9145567597185;3,54854203219224;-14,7904189429877
"607";12,0204353203058;7,64624483119219;5,20272074499185
"608";25,0817691480755;9,28971212471439;-13,4203468380406
"609";14,1756308983153;8,13365570521738;24,3741351676253
"610";13,202813796855;8,73438199153995;15,9477696969224
"611";8,90013185631863;12,0766330118615;-5,89960410717934
"612";4,25827584494553;11,4139119114662;18,9589193251815
"613";0,0056816483364468;8,67634478601265;14,9834005116463
"614";6,72233513925918;13,4472298680238;14,7544310520999
"615";5,28685398159144;8,66325911969463;15,5383054218117
"616";16,1622774047374;9,41078019128522;28,5466716731286
"617";5,29317316644569;12,2048800177759;22,8513120063298
"618";10,9197154283636;7,74083507407929;-3,67727512140612
"619";7,45918087829444;12,6343339460295;10,5407367308769
"620";3,72556064902608;6,88591968156231;10,4829996195452
"621";7,55202967623982;11,8143063775064;-3,27314869630724
"622";5,92106258347012;12,2914645096616;5,92722559137823
"623";-1,00025652047414;10,8577458211595;11,7224164107748
"624";3,89200337815794;10,3562473887114;12,9224370282452
"625";5,65644616846634;10,2393110737803;7,97374320821602
"626";7,71507335739585;8,34101498021693;6,98301050815578
"627";7,78943265266685;8,9584663473541;7,67064703719472
"628";14,3351594189972;13,1841171547749;7,04067790163025
"629";12,781241423576;13,7056324226747;11,7262309233086
"630";7,14213494700073;7,94554909692633;-8,90781286171615
"631";6,19172872433049;7,77198848836667;7,51948451754364
"632";23,1285757362828;8,50646956917102;11,3403576153912
"633";9,65859373311045;10,7968058473558;-2,71549112719051
"634";15,3118114640323;9,19345104747242;-3,88531413466455
"635";1,53920157234958;14,0864579670048;5,3301594876653
"636";1,42472108704926;10,0395720530751;37,7103707506177
"637";13,9512744406154;11,6692738748636;5,27911500613755
"638";11,4550129955989;12,1238506595294;30,1194459632756
"639";20,0683606900966;7,32730150483344;20,559212223457
"640";5,26709526749475;9,09307527862499;2,67750200611738
"641";10,4521633349582;10,2338887208974;0,148488231764983
"642";8,97681505633203;11,4243544180079;33,7271454996087
"643";13,3497302245628;8,95300351637122;6,93662605715766
"644";10,1210654905263;10,4461519743935;41,0744745183852
"645";11,6467653677712;7,16148621424574;14,5017604661125
"646";10,9431210322526;11,8807566878439;23,5371234312557
"647";5,57708241245515;11,2080115542337;-13,4129248606731
"648";18,7087495218186;14,384742983643;-24,9606016113154
"649";8,33207133958345;8,5317359476678;0,408367212689681
"650";2,04490520713993;8,24225762464165;21,4527436026149
"651";15,7403156825021;5,65976179669124;15,4202303708405
"652";12,9229588312521;7,71764484677872;37,5137974573437
"653";14,8379079865283;8,90125336094703;0,623517667910662
"654";4,040794157066;11,2493197710732;-21,0481759421705
"655";16,2839026549786;11,5596127902379;4,56362032613461
"656";7,18840235805441;11,5289308319086;25,2751590480298
"657";15,2496952280028;7,55575114986824;22,7939962824306
"658";8,11141256447148;9,69036799429871;-2,79032559918634
"659";7,70395472634214;14,8632604691102;26,3547615152809
"660";9,24142912227043;9,24341968894271;20,3320400582081
"661";10,5950284747295;8,85018910116046;24,9908116976439
"662";0,699401227033427;8,75496453945873;-4,24792291630408
"663";-3,20544661636258;14,2811177969667;10,7788579909535
"664";4,73840388223001;11,3165874580762;8,52688163910559
"665";12,4540044766775;8,09060855263452;9,56794148900133
"666";12,0282389416307;11,5467306832431;22,6206334466017
"667";14,3476238172264;7,65798578215645;-11,5450397943921
"668";10,4137457918864;7,68021951248989;1,79100635411011
"669";5,22233826299159;8,90579758110553;20,1220814261249
"670";13,2026542014772;10,0255409493347;19,6228605403667
"671";8,50450020636205;9,51819459305844;7,45402434995437
"672";13,6209740954659;12,5290826901397;20,1800852264048
"673";9,83159314685064;11,5493464950748;23,9002758429151
"674";7,31444865827974;10,7648459842962;17,9237038259094
"675";16,1111807919093;10,9460664891101;20,1936994081399
"676";1,44453597829093;8,88845859342968;-4,68206975884369
"677";8,33760960983599;8,74008847787361;2,61294479295587
"678";12,0292676604257;10,3282086817225;3,70763756286408
"679";13,5551469860664;13,7647452036618;44,8903031817559
"680";15,1153345371032;7,77330471394186;-1,31096901327083
"681";16,8448530064799;9,03921558520964;-1,09256765490183
"682";1,53578017479212;11,0099600000929;-5,10820190308636
"683";8,0663334463406;10,4769912551916;7,52894850215135
"684";6,92656652286393;10,6314169547863;33,1797210723418
"685";7,05133021087305;9,21410211707449;10,891818323085
"686";6,92335711467285;7,56257027598638;-8,78169642343507
"687";12,6574204348477;15,3349305861649;-12,0034059778824
"688";13,6198278197967;11,1178439313031;-1,60611615001921
"689";2,58693689402389;8,72071572728344;-1,26325845474365
"690";15,265023024501;10,2129884127838;21,9412090085744
"691";-0,918642903013843;11,3292446255047;-13,3170968195046
"692";9,60780392801803;10,613093890263;45,8248627692432
"693";4,66062562072513;12,4673308275046;-4,38221020432374
"694";8,91522561379767;7,93481386768787;15,338000770167
"695";20,9387246499663;12,9627377112941;24,7804864113199
"696";5,64944386372157;10,1258390680999;19,3670218897229
"697";14,430305065523;8,23523227622566;11,9637315774371
"698";8,91977240975998;10,5406085627557;17,1270192722149
"699";14,8202315658898;11,1288284999428;10,2188923103134
"700";12,3128415550247;10,1157249261089;28,2808086223338
"701";20,6997538286858;9,49590939832701;-3,31514818689475
"702";15,4943815250643;7,97250504622438;22,7481323614261
"703";5,05710075481123;13,2097463322602;16,8897176599516
"704";9,82970464809127;11,3877737356565;14,3707073114713
"705";11,5110299137083;13,5950357923564;15,3739898173289
"706";6,56836269054481;13,8572271798253;-8,9987980863242
"707";14,0026198024655;9,51715487225455;-0,875498876327187
"708";10,5464689890493;9,85593653616748;16,3512591634422
"709";15,3612373609867;10,1382826621747;27,0427932188751
"710";19,1715874226928;10,7956863976705;0,971369925174908
"711";11,0075360266111;9,67990450305021;10,6879794523532
"712";7,16341163347768;8,85040323499873;13,6480857931567
"713";11,2984037819488;10,7298887934103;25,3963982649865
"714";5,74798911563725;8,37272460115189;-19,9967689996456
"715";11,4379864753565;9,90133066923854;14,517496635596
"716";6,41931638576345;9,54849924496879;-0,031970377767685
"717";12,5191498602037;8,65337718924349;5,47394079200176
"718";6,43710735382859;6,09720213581327;9,2980329699722
"719";20,1233473918254;9,65441927436626;-9,75145208219362
"720";14,2270783670616;5,13970068142155;-9,78913852771447
"721";11,8539920593545;12,3433580421795;26,3141723257594
"722";13,0136353236278;11,0368710955236;24,1706430703547
"723";4,96945748227459;9,24644764584035;26,6220615638338
"724";4,41485147601418;11,0692417259774;30,9027585094339
"725";13,3431133017423;13,0241733235902;28,0814716127713
"726";15,5211185101842;9,21284821810199;5,57810328765251
"727";17,6928122445752;10,0006611860544;16,6332119588615
"728";13,3138889479763;9,35637613711805;13,5067304633584
"729";8,25346663004278;11,6078750839816;-6,13368884309366
"730";7,57565652080378;7,41871120107951;-0,151722629390447
"731";4,58194196659179;8,78156672676521;18,5648128529819
"732";13,2613001011683;6,03531996237496;25,2700043259916
"733";13,7731136032842;10,6237666921374;4,40930372966408
"734";8,92197354769612;13,0455389099582;-5,13282124197086
"735";12,409281788086;8,13408784667841;1,86177879538683
"736";14,9897147004361;12,0383773065777;45,7446171745724
"737";2,89759921340019;6,66906661527956;3,22772891011119
"738";12,7492821655635;11,7831409416226;39,8264216389756
"739";13,8022942866453;12,1224296334649;29,8227094607082
"740";12,8691682399356;10,5632434263176;10,3675558848183
"741";10,5876915824416;12,8616270601605;-8,55159197931816
"742";16,9801682507436;10,3373648200796;-1,57891431233773
"743";2,23425400087597;13,127526785481;12,3625622487524
"744";6,15168130553057;8,495897775517;17,5360937489107
"745";7,09338577151047;12,8968118918441;5,17329463985693
"746";13,43788588832;9,68851551959219;43,7967309034194
"747";18,3209225879537;9,62891275208798;8,14930703051322
"748";10,7430650027568;10,1058453494943;24,2001149240299
"749";6,29957686834;11,0542949594844;35,5664744748015
"750";-1,18413445613492;9,53969577001821;25,0219512466131
"751";10,0839342299101;10,7764899296899;4,36095407735426
"752";8,84819781762661;9,55110819136268;13,6886756270873
"753";9,92778854436184;11,5960232148251;6,42597711241535
"754";16,3739831767139;6,67655393575655;5,32096396675359
"755";8,22615658929219;9,80877108653821;19,2253231700051
"756";11,3361242547374;8,86025379856663;33,0344324772799
"757";14,1418669224636;10,5697833100455;28,6611689469261
"758";11,4603395673227;9,84965268257379;15,1885379360873
"759";8,46118747382811;7,18298269144095;21,8338536053653
"760";24,0356987465795;11,6533520474668;-4,74116286320378
"761";-5,29910373387938;9,37385509810832;3,1913752025482
"762";7,79247187421265;11,1349568608032;22,5908347068275
"763";14,9215396419734;12,3150239806934;23,9093750404919
"764";14,0803721454217;12,0867758996085;20,9319378362924
"765";1,90963760528272;11,6683287531336;4,19968757570474
"766";14,54345471655;9,01457474488378;11,2128625554486
"767";2,68876199216652;5,25604546724412;3,01071558312015
"768";6,592005043186;12,4226704302268;19,7954788692661
"769";12,1300466210619;9,89089037575645;8,93436055374982
"770";9,87695005139698;8,19659040301123;24,3766178955784
"771";6,31931110941746;11,0967673626213;11,3683329434054
"772";12,7828243332876;10,6582094919225;-9,12163782428203
"773";17,2563365883167;11,3150318870133;2,20554491271106
"774";5,36004037037694;8,07697531156762;6,72173933225389
"775";9,65256406764617;8,17800775219393;-21,708061565324
"776";19,9579054093127;8,68416140859559;18,433392123063
"777";7,78885432890129;10,3744398580746;0,16663332864271
"778";8,24705601904794;11,6620668453567;-8,85615804449034
"779";9,79082829600481;11,8509878246315;1,72058922738573
"780";10,0108241381637;8,73351665146714;13,9174539184573
"781";13,5269130179382;6,5479589838508;-4,3070343476247
"782";6,16025415189173;10,4387897477659;11,6806332156648
"783";6,82372981490613;10,7897332770704;-5,14604281072365
"784";9,3417136176682;10,288482061074;13,0158908166646
"785";8,78307911733728;9,15314518663042;5,587754533648
"786";10,1735714755521;12,8383435241284;-18,8254596010733
"787";2,43832500470914;10,8548186059253;7,3338785106859
"788";6,33497105814773;7,92870054401079;33,1954079658857
"789";11,8575456662455;8,69972061407174;20,7900895547987
"790";10,8848290461637;9,14143708570173;-21,8457165038971
"791";8,17887939686669;11,3201882141752;4,9744348420636
"792";6,94634899687737;11,792947137499;8,06106377629757
"793";10,0176156671717;13,372849715071;42,1539060630216
"794";12,9949785254979;12,0158353723111;24,1251825600389
"795";11,251292007615;9,27822796994744;20,3936841861319
"796";6,2038706126131;7,70425427003759;24,0917850634699
"797";12,6822979607838;11,7847206995296;-19,0681456309546
"798";10,7796909157793;10,1090223250771;-0,640128420682112
"799";14,3427744336167;10,8761011787477;6,56356768997657
"800";7,82242075141309;9,4224339233979;25,008493529971
"801";12,1862796663615;10,7636752397381;22,8089920246711
"802";9,43231119335428;9,04121585884827;32,4418916109052
"803";13,6282245769125;12,6289620213215;31,9032772681068
"804";11,3402193517178;13,1449467857287;26,4637818956203
"805";7,9008209803638;11,6519938936464;27,6965705575484
"806";21,9645787149188;10,9716497996588;0,393065396494899
"807";9,71828601118608;8,07631221757956;37,9672202117305
"808";9,07606976256139;10,0299795852972;-5,00466424632056
"809";6,29487499809161;10,7966455189512;-0,70356808732029
"810";14,6768280450289;7,73413210811964;-6,92796353564311
"811";18,422820170305;12,9826144344386;2,97409866060667
"812";13,7385878916281;14,0713737035216;8,89909514797815
"813";13,5115455733463;8,58299138780067;-10,2873847722259
"814";10,3856080129574;13,4891122218361;-8,12263849415024
"815";-1,9460754982023;6,47076000453892;-11,7906865501202
"816";13,7367044711261;9,17852637159583;-3,61509474754022
"817";9,12704424415064;12,7140603198001;3,68382230752802
"818";9,11827411687119;10,8988233510216;-1,76814122190316
"819";2,71401862712235;10,4969039098163;19,0122073981945
"820";20,8970256164591;6,48846817355053;36,9115731371161
"821";16,8154758714793;9,87142978111988;1,63819846691225
"822";9,95522397988928;9,06385918946942;14,1943975210161
"823";11,235549503972;9,86731486942572;3,02873616810614
"824";6,21311519896826;10,1865341735948;25,2178250657348
"825";11,7045319794753;10,4891364462574;14,8949993647002
"826";10,88682018025;9,31382294590256;45,6045985388666
"827";3,91404961945018;8,9884309678469;9,64360346136478
"828";2,58193004388089;11,1712785755205;26,4345518851163
"829";17,56294273915;11,6008384633335;4,2951039739762
"830";11,2837111224085;10,4502248286497;-1,15433290312999
"831";7,42601239732251;8,78912453487377;16,190623377864
"832";5,14168328534042;10,6178517296096;-17,7269588529626
"833";12,6392693504567;12,2657587994981;-1,33329146293461
"834";1,1743255894566;8,60671025509192;32,6504441424732
"835";5,49366341223638;12,3726848274283;8,01441820680689
"836";1,64128530226942;9,1495627196517;6,62315229236296
"837";9,28244080566501;8,99879854700422;-0,867694763337507
"838";6,67472572414738;10,9102933206256;-4,34289346053397
"839";5,95816037949545;9,81339526906538;-13,0983831062298
"840";17,6760790084405;8,2530357731312;10,9488007576792
"841";7,47930629786993;9,74194971041081;16,5624668742093
"842";15,0326433009161;11,3445683255714;-32,0706471629626
"843";12,2346260886279;11,3517001169067;-1,26577015651841
"844";11,6881208785602;7,92454340618598;-8,74932204496322
"845";8,61941503524019;14,4233566932944;16,2800362948538
"846";5,93900008598813;8,22523304745699;1,40695253393248
"847";4,34605237497362;11,0592851010818;13,056460186519
"848";16,3015892646679;11,8156672949728;-0,773253400363481
"849";9,97674941720965;10,5570945470616;-8,26452454524578
"850";20,2935803198147;10,3552938528856;23,0341543727289
"851";10,8469363846503;9,98977869190727;5,1916857409796
"852";8,34636386620048;13,0813512359177;11,0643887948037
"853";17,5183333157993;8,023895237356;-25,0095151261385
"854";8,56209300182464;9,11445103173427;8,96107594985593
"855";9,41842442447091;8,92189994698946;23,3065721797032
"856";7,52700375075388;12,067010246813;-15,4302840850064
"857";16,8125018113419;11,1890450454979;6,91151095381037
"858";7,73315637574852;8,17822457374895;21,926655061759
"859";9,67476853744165;9,45213169529329;15,8080541064352
"860";11,5454749904326;11,3265772805275;-4,29618759806605
"861";4,98187866834456;9,58063235041346;2,85393824801663
"862";13,2550797884734;9,3853481732241;-6,36046635091606
"863";12,7659625639368;11,6835268012401;18,327703715237
"864";13,7466544751958;8,41038099294561;26,9583995788598
"865";8,29762009021347;8,82627257987102;-1,83564891039476
"866";6,67373438920307;10,2736810408837;19,0762172718021
"867";7,75752360247237;10,5019614100625;7,13861008671227
"868";11,8577131944853;8,28300323316572;4,45813764856249
"869";19,1972955272329;8,62572026315226;-8,33722135165318
"870";10,149991547062;7,71314537350873;6,60955292936992
"871";9,12369904639677;7,69330489131994;22,7906975046166
"872";7,03029707646808;10,0060782980175;4,5580143731409
"873";4,61154248882264;10,8817335554375;-2,4558667919132
"874";18,0668878063398;10,511796257304;34,8055809808198
"875";9,79738622343655;10,6820986489567;7,7741710546618
"876";13,7515256649115;9,79870509225495;10,6831288098509
"877";20,8130010092363;9,16143462977669;6,68927830952092
"878";3,70896871280157;7,82039086397035;8,70968264961569
"879";11,3084752975798;7,57490461308048;36,0446720275206
"880";17,9732813585495;9,44897455261125;-4,96800939487425
"881";15,1091899871047;7,3799814052568;27,9593536982057
"882";7,44602890061592;6,57757851925311;8,18056971075421
"883";11,1015161610027;6,4987331294136;-18,3756356285114
"884";7,68522875478379;13,2538574020222;-3,85943510960318
"885";13,9563160583233;9,25791314558767;-8,29425296336162
"886";15,0074864694174;9,14687400614322;42,5288843951269
"887";18,1321289566883;10,9256622579099;2,05792155841927
"888";12,726032122408;11,0131100032512;14,1094433313827
"889";11,0603237165937;8,90744740915091;8,04105942700599
"890";3,34831068580132;11,7047882367435;16,7946982764688
"891";11,881095820606;9,22830131566531;1,33867292858857
"892";11,4186808931211;9,79808092181925;4,61923036181371
"893";14,5329754269374;11,7595240597613;12,6894953004741
"894";6,53183681869875;9,131755411246;24,596841900965
"895";15,6840552251635;11,3792321318549;22,667008497586
"896";10,2349775502155;12,4881742953442;12,5138286267818
"897";14,803829707974;10,5439662688706;4,85420420067514
"898";16,1368523702111;8,70142742297887;-22,3502434455121
"899";11,9802608390386;10,1029609512998;-11,2042889766651
"900";12,2803098425701;11,6796089642189;-6,53352191050219
"901";10,6871281512333;11,0082867020204;-16,2429031108957
"902";3,7646093556668;10,5496828384099;7,64044573988482
"903";0,0100136999002096;11,0242294231839;-7,82658973195941
"904";4,38232013016241;11,9040910746869;31,8564199481134
"905";0,75110054423936;9,17208203991346;1,38516962690837
"906";4,90778555298435;11,0913932856096;42,8546911933958
"907";3,7454635396319;12,9101624237778;7,18508500201442
"908";17,4188317132206;9,32011377698935;-8,7651594114815
"909";16,3827708795996;12,2188735529602;28,4210089342926
"910";12,1318171429194;14,8035861151533;5,11972853710423
"911";12,2991143683554;9,7582794009091;-1,56636264616531
"912";6,44195650749967;11,4099152548884;8,70485449101993
"913";13,1606855003369;10,7109167203531;4,75745393941741
"914";4,81798753102973;10,5268067271801;-16,5271917835284
"915";3,58356348554353;7,9742958507464;29,6302056912845
"916";12,9845355972681;7,67427797767442;-3,07886046427595
"917";5,32866665568782;7,04832331105111;15,6522921163572
"918";7,83784324992002;7,02141518657447;9,29397987504076
"919";9,17487241148972;9,76522530697576;2,25826287373684
"920";6,72824377306337;9,81996819208254;-6,61543844706247
"921";13,7727282370636;8,42504488692309;0,047901509686314
"922";9,30302471321531;10,9900734048827;6,88934329432977
"923";2,49786090734296;12,9272190808724;-6,11306651002505
"924";9,62357324541411;8,66192647814922;-2,97973206145276
"925";9,85638234497002;12,1546461912308;-1,15797767705556
"926";4,33615241148524;10,3290040848637;3,33383417104608
"927";13,9343066717897;7,73763267811145;-9,75140893547632
"928";12,3589109062018;12,9544016389606;-10,5992291128298
"929";5,39475827129556;11,2745258767728;13,0732535215924
"930";12,9436156741959;8,50674777210259;32,7728169453284
"931";1,9894572445523;10,6367685179161;-11,6952007201866
"932";5,59396395384751;10,9299954450754;18,0202262189927
"933";13,3247788169671;10,717186153258;22,7853983785923
"934";7,18632005022402;9,70740898112027;7,50908631616863
"935";-4,41391227451837;11,1069916906672;37,0053791517136
"936";7,28519873058827;11,6283390798022;27,6293779157008
"937";5,82015961498615;11,0161150531967;7,05664184874716
"938";13,6731791097693;11,2219115915567;-7,63328815891708
"939";7,24361064338063;7,30128364931651;-3,16740647566909
"940";12,0039581670996;11,4813745794647;1,16797131864022
"941";7,57618804304474;11,3401130086163;-0,213553109163477
"942";16,0704201678931;12,3169329808425;38,0551944231416
"943";14,202628125252;8,39661415840336;3,70868048182578
"944";13,1532429824131;9,60093685117964;17,1933804961968
"945";4,79377318431793;8,43855314571121;10,3791800645809
"946";6,37295341682322;8,8477991788535;0,690504911300298
"947";10,3307019958323;9,82652730356992;36,3480625499726
"948";7,48475548364156;9,95616523678945;6,3738998084704
"949";8,63326026637456;5,73934226497784;-6,74774324127413
"950";6,30259029643082;11,590486334283;2,51927065434407
"951";10,8631104150963;11,410038213514;8,45696564752384
"952";9,5287760374576;7,87300188470569;17,3435883360882
"953";13,8869001397408;9,06365795622163;29,2544897937443
"954";6,77347459304919;10,8480397791615;25,1911393344702
"955";9,44803828635278;4,68021263090695;13,2207229184298
"956";11,164702369829;12,4147720077222;9,6736845108674
"957";6,12418117930329;9,01243651184148;18,8407208853342
"958";6,60930110568862;12,9555938505726;11,1913595738957
"959";13,7770132905934;14,0428643138191;31,9572221593607
"960";8,8434499750109;12,579338183784;28,2015262126897
"961";8,39995720372223;9,49076717504432;6,14111585575239
"962";12,6576756295708;7,37456433868046;36,4227317875699
"963";11,3736526942149;8,46994230537406;59,054643432622
"964";13,4157730112958;8,65044182461577;4,59836982187648
"965";9,66690229917183;13,0040802385173;22,5111115910501
"966";10,84165399517;9,67618518747808;15,9309846101222
"967";8,78060488385584;8,79515997793269;-8,85996127077482
"968";8,72175624938787;7,14946997407777;24,3033589265116
"969";6,70291279782734;11,3021415043562;30,7583829624658
"970";14,0003076798573;6,88000740349223;20,0234094888323
"971";-0,132539296857061;8,11318610073885;54,0907571699449
"972";9,77302094578958;6,33702916127906;-1,6314131572322
"973";9,57272103679356;9,3912626492602;50,0059191032842
"974";16,4867532767658;8,96388948883888;4,78628033400579
"975";13,1576122851261;10,2096138767109;34,7478367675652
"976";8,93237453528895;12,4469114180817;25,4901480975368
"977";8,90214545189799;13,0301390988228;16,6497861035323
"978";4,32331781300044;8,58963701297098;-5,93754701818389
"979";15,868940148404;11,3976921491645;15,5893300749877
"980";11,8399554898643;7,90152077411468;23,7796394295152
"981";10,5592501278519;11,6145321147018;1,01260612990971
"982";9,7765053978348;9,13189184927874;-1,91118569554485
"983";15,711181582163;10,4368960317752;17,9916331444727
"984";9,43056132411808;8,917563679726;16,6751767433929
"985";3,1374310937494;8,01833039958569;24,1189053479802
"986";13,0206146772022;8,86508427898661;15,0361353559059
"987";10,4662523031392;9,0983822431662;-12,2766769178142
"988";3,47042386978536;7,37453170428677;18,0366483762666
"989";8,81095866897733;11,4381551021758;38,3845061933884
"990";4,93725246296747;6,59643783857284;-14,1856975815178
"991";10,5108567646481;10,2133737189253;25,3365562241369
"992";13,8684216570863;9,20791584057623;-0,190667287285335
"993";5,6707029850058;11,8441725503532;17,0298201215944
"994";1,26957668917367;11,5413385717154;8,27577353493381
"995";7,68552288432076;8,07732482626578;-12,3042297441062
"996";8,60843465780234;11,258873262155;12,567455242013
"997";4,81091458022116;9,92423374506283;16,3333673507539
"998";5,35923547170547;9,81294858564936;8,51226938995419
"999";10,0132203281012;10,3554503889582;13,1124974458864
"1000";14,2176037553141;10,7024462342899;3,03952063145272
