"","a","b","c"
"1",0.710484482318117,0.699592222091891,0.191016181618344
"2",0.750057487473693,0.343478987556087,0.475078311106744
"3",0.915977651154869,0.371148155044896,0.326841676569759
"4",0.820383598639303,0.589774248728553,0.312083640119118
"5",0.651046275307275,0.256458742727348,0.0850009385135252
"6",0.628983980795908,0.506565609676719,0.554219549330568
"7",0.899437386736558,0.604651671859153,0.483370470097048
"8",0.782172462334614,0.622103381425051,0.572487710042263
"9",0.938077034200107,0.398464025112707,0.400422321408283
"10",0.763303305791679,0.548244781308228,0.116282198307032
"11",0.441722436374266,0.403254280979205,0.325713956969644
"12",0.537154433667691,0.571859711438868,0.582636929776757
"13",0.759998059309229,0.466706598981416,0.227726384449812
"14",0.473965749956769,0.61474996050957,0.315719076572292
"15",0.540963720872897,0.619877875406259,0.194079779064927
"16",0.695897105398596,0.428420684452052,0.240831267172133
"17",0.86995049276742,0.469542324778926,0.161713897144053
"18",0.752083812768644,0.469768198070084,0.692927787017384
"19",0.606645435320659,0.494115335675645,0.0735698386567448
"20",0.819946218615012,0.323445028378133,0.191432541234057
"21",0.971686065065703,0.481970117526028,0.162085362915913
"22",0.831740990008362,0.169436948473285,0.280354317082897
"23",0.968659437319571,0.402015149855514,0.678857964840069
"24",0.905442842646836,0.627448159699268,0.622750058554986
"25",0.783882568828354,0.641848491925436,0.20018300011405
"26",0.833601475092161,0.483101440644424,0.135009278993741
"27",0.859274670842754,0.261095708342788,0.617916864224121
"28",0.73439687620445,0.540402970334038,0.267567325874568
"29",0.762816288718474,0.504301405788777,0.243954176112273
"30",0.954043480975986,0.632211281039879,0.128337343907713
"31",0.729769161369716,0.434718010435433,0.333625645183023
"32",0.479232553085863,0.667346423554657,0.318198924941144
"33",0.675461722337258,0.452775309227003,0.143579061579498
"34",0.916797325872882,0.470316403197604,0.273889881516228
"35",0.921959701130866,0.499307313550556,0.193105415768721
"36",0.635482613367285,0.577675081796867,0.404007649132094
"37",0.947794161397877,0.389308692553053,0.342036762407334
"38",0.775392942841278,0.456145308003053,0.255449769519959
"39",0.828292031352912,0.480087074002837,0.359866903992711
"40",0.44604717250716,0.592984052030863,0.149250787775771
"41",0.844343615623976,0.45392949771603,0.199935279250769
"42",0.853458798898477,0.487310831246666,0.169538856858724
"43",0.516068885115265,0.704640650162993,0.353419751180074
"44",0.871543877122125,0.10138633462971,0.0255152749281028
"45",0.72007003232268,0.20082602632996,0.19566140798549
"46",0.664988460765092,0.546132397376078,0.3772485731635
"47",0.771290880080141,0.588901419936044,0.219615360689927
"48",0.832145038348944,0.491187058971986,0.425804250060769
"49",0.563449299458408,0.76391613198296,0.407067247248391
"50",0.788462223420195,0.51088925866026,0.128334364549806
"51",0.777139421890802,0.558491516498263,0.403675380829866
"52",0.601057699410526,0.522955468586233,0.246748117241616
"53",0.529016314445298,0.411302468427509,0.402233484532557
"54",0.863209738859814,0.577140025547682,0.377377234882323
"55",0.594376972539386,0.623077795914471,0.126228535553434
"56",0.827446682671238,0.6166110953478,0.492142894926624
"57",0.65185508740355,0.535338643669727,0.302177350170094
"58",0.902570255680713,0.747873251980514,0.103558370416016
"59",0.797707056904648,0.564997487115616,0.278433182646386
"60",0.853683400195011,0.787986619012885,0.126814209305111
"61",0.640588883087184,0.702152985276751,0.12034368712147
"62",0.409034400075166,0.660767911746593,0.167275727148117
"63",0.542468178485643,0.390748048573485,0.245224641750612
"64",0.801793422739899,0.701476483281257,0.352895132478036
"65",0.586942512624479,0.294184353025109,0.0341566132138933
"66",0.903484207613652,0.303736012996452,0.289172014211551
"67",0.631072108597145,0.603159729152072,0.318199439424631
"68",0.9214961740464,0.532273249695222,0.0768724681202206
"69",0.881392961003115,0.291032306874192,0.191131800669074
"70",0.756392812830913,0.332677402814725,0.405634849664552
"71",0.926805180005152,0.399167496983522,0.308043390455633
"72",0.421484174441758,0.72261221048844,0.683369783569586
"73",0.925920729350856,0.213371123525476,0.233154367763253
"74",0.793445062300352,0.687800798927471,0.330194204071163
"75",0.881772270025929,0.545742667512534,0.275081499094529
"76",0.321217385965364,0.500973530004008,0.0399459180669836
"77",0.579375711615964,0.632420560575996,0.18667319317209
"78",0.757155271262748,0.696245148447447,0.512133450243489
"79",0.548461814524417,0.716610166409303,0.149370706113102
"80",0.616982291067751,0.288988180311601,0.079591011407537
"81",0.681119814135761,0.248345555913885,0.247664795413014
"82",0.562279500146699,0.41301807670881,0.240380718355401
"83",0.896829260134396,0.605326701444821,0.189252621277286
"84",0.728989083446963,0.418918712658533,0.595478987770397
"85",0.791103509909605,0.462426428510747,0.354856338791888
"86",0.751402886188009,0.667172629244662,0.312963348652084
"87",0.70003201093534,0.395201167232915,0.100913015677694
"88",0.426449948839475,0.588645043767893,0.326323230443655
"89",0.578837354255696,0.453567817772684,0.180689204410676
"90",0.920507703161768,0.744916728574615,0.0874849686899655
"91",0.936508275740052,0.51335353014477,0.280169243850179
"92",0.500142652075871,0.337594360548143,0.144270765034146
"93",0.683414698968946,0.329247250193159,0.0256112498919002
"94",0.844239639418636,0.27291443717387,0.104509070668283
"95",0.621972929274816,0.501251390572024,0.570060636174562
"96",0.880379313150944,0.467737004414073,0.587454221939372
"97",0.825546575576276,0.297110284617415,0.111860768722635
"98",0.586834902382549,0.632785681687271,0.534508002639094
"99",0.561963973794235,0.611480798422458,0.331935097293864
"100",0.940484678757185,0.248960697637513,0.196785209507972
"101",0.462545614201559,0.666476632294026,0.140641569778989
"102",0.434270926577471,0.704847294910564,0.195471702441895
"103",0.90697634071506,0.583901431553996,0.298584151015608
"104",0.799011588889108,0.656972741482826,0.346627169735574
"105",0.773854070989534,0.335279265503687,0.148905251896563
"106",0.491510481034831,0.54485731768711,0.194578633095018
"107",0.698449095250133,0.277184760845275,0.253013455215808
"108",0.4592348955877,0.472274010464808,0.37354874889496
"109",0.540832655970625,0.59234878061507,0.0719990900384843
"110",0.397706006379994,0.575512902799742,0.0836067684629414
"111",0.48413926739966,0.706284716035502,0.318913759284928
"112",0.801818894068793,0.82963914017612,0.108358530168735
"113",0.671534068263246,0.521823785176878,0.427113395381163
"114",0.720653106360914,0.669841291065717,0.475131202902129
"115",0.898092105454076,0.744748770386525,0.312329147822814
"116",0.571539523222228,0.37707895490494,0.319867331059609
"117",0.86483839013798,0.499156900398384,0.282074720870288
"118",0.661371631033532,0.626201289085948,0.526938498445043
"119",0.883071323692864,0.613927572924978,0.167357313801485
"120",0.782225023880548,0.18871175739245,0.505822231092891
"121",0.899321425862052,0.463342658722922,0.419097734615889
"122",0.347796895221059,0.528062847303179,0.051763838001032
"123",0.569046251928208,0.63889681314197,0.294291914307032
"124",0.962437268558506,0.57957241657689,0.13119343726887
"125",0.832763890291731,0.487948038712444,0.197207850893607
"126",0.79834357389861,0.238459017945469,0.0215212072467835
"127",0.603628797830783,0.46296957660102,0.0223645030853472
"128",0.560333075856446,0.442939854804461,0.208537065519521
"129",0.483065347513915,0.72893121274818,0.449772586467763
"130",0.899127182971049,0.512985611532426,0.345846820169866
"131",0.633054563581119,0.499049892330907,0.234534036057175
"132",0.693240854762158,0.646147368542432,0.299111291390683
"133",0.374042980287889,0.669903958816568,0.154713684010996
"134",0.696339825060641,0.165744509040162,0.0758614355392616
"135",0.786850464348723,0.656833334210828,0.294223848179024
"136",0.762108839021546,0.428168905437326,0.598559644684777
"137",0.858291113209928,0.342537382095181,0.387137256068948
"138",0.858549742922349,0.60933187707638,0.105128703196187
"139",0.977183040217308,0.212680254611372,0.0477544207965533
"140",0.575320939538895,0.69307453757726,0.0240686123750757
"141",0.427976742367625,0.484740494000897,0.342034718482235
"142",0.898525845948512,0.600530265846608,0.088823163740647
"143",0.934373219876984,0.566479976532713,0.116136314419585
"144",0.563980346355785,0.712248880713706,0.631765764965164
"145",0.597306293028918,0.631183724950765,0.063613760555982
"146",0.835327334474899,0.320347261426846,0.111233987752906
"147",0.794859264920165,0.658352345387207,0.164454331916902
"148",0.832101661674463,0.574741800160489,0.141001621387948
"149",0.481855174783378,0.553191584975366,0.308429719773221
"150",0.924892329804261,0.519299273671144,0.626252456593598
"151",0.675714949199708,0.507148206894552,0.271615830806018
"152",0.92192630777059,0.760035190944781,0.261970736569588
"153",0.891678651090322,0.483476100655665,0.218203755021191
"154",0.790817211573551,0.720050632710918,0.0506818702955921
"155",0.684323152307103,0.575036171971997,0.456701630545981
"156",0.816011697912217,0.529472883939073,0.187713016496455
"157",0.665928467692685,0.35224168786056,0.328609343000464
"158",0.772632514484184,0.536721729160662,0.323712577832671
"159",0.481663919899308,0.321862835480032,0.350152991274606
"160",0.590419410075129,0.505086245977993,0.401519219827178
"161",0.620508833409938,0.628874423881316,0.56307451618968
"162",0.566466014805838,0.536312932369709,0.0462660102228575
"163",0.914920807765977,0.45549830272322,0.342297934615445
"164",0.75270577751014,0.853213924471742,0.280161462648765
"165",0.772010605366414,0.324727123655609,0.358548332710168
"166",0.654064213930719,0.543301336470904,0.0662367453927463
"167",0.554099218324456,0.500601483349014,0.195121736976579
"168",0.70482984886091,0.226691164062562,0.0817333051899336
"169",0.69090756878427,0.717422788837009,0.345228157090061
"170",0.832664086763516,0.433191110450679,0.0211990841800592
"171",0.90666009378802,0.505710809077477,0.219349869336835
"172",0.924938807107238,0.458796325905498,0.151751608677787
"173",0.773452518564051,0.450394865010274,0.310505327560144
"174",0.943867307740724,0.262385295258199,0.0754672894933899
"175",0.91397491065398,0.351037557366853,0.426460013407885
"176",0.887665921470483,0.559119594172214,0.228453895903211
"177",0.887372484126918,0.346284709592957,0.468946475904798
"178",0.642723618297975,0.578822776199733,0.156202647902051
"179",0.358957223655868,0.630458676924688,0.567013075638162
"180",0.505855964682017,0.744250996503829,0.342410023083812
"181",0.885203480055047,0.585903563096387,0.352611634434992
"182",0.603508908570477,0.398529414460855,0.420138933333965
"183",0.455650477309144,0.430133765552818,0.684911221232671
"184",0.906413819409829,0.614774145223177,0.390912047490629
"185",0.75180852307525,0.549289194666036,0.266979637469394
"186",0.908490960576173,0.453937100498479,0.561789410301484
"187",0.684763338120905,0.759077461544792,0.17064009221163
"188",0.793630022582595,0.160744478361147,0.421007037340288
"189",0.63770563231022,0.664163861859551,0.228589679341284
"190",0.913774720163103,0.47340203808609,0.324818433950833
"191",0.5498251696802,0.719977370312894,0.34235721084844
"192",0.79018756963471,0.594145642890014,0.150983384104492
"193",0.796039042663131,0.763216030253785,0.210803723283579
"194",0.880524249726587,0.429958062255483,0.606068044435469
"195",0.768027329545754,0.533538732827376,0.392316117556954
"196",0.618855219805046,0.497988681392659,0.271101436525598
"197",0.772420063853014,0.278540282679767,0.0615872648153197
"198",0.725587507607078,0.668397285099622,0.227105664314755
"199",0.694224527935899,0.582005600540331,0.108809541518998
"200",0.587476493211019,0.361938011592683,0.148702796652164
"201",0.376407148403138,0.376860049371418,0.332480753467684
"202",0.767314030038897,0.792999343031888,0.0688282406243238
"203",0.90560081419688,0.482863027524046,0.0968782152179959
"204",0.761978695747607,0.357911525802507,0.312527442248063
"205",0.71063872297241,0.459897022142229,0.603288401114293
"206",0.631976011270331,0.276069992035186,0.222044519945853
"207",0.526428705226002,0.247576469525405,0.557805056009874
"208",0.855079594798206,0.314846406582387,0.31063970014596
"209",0.972562447016084,0.603512814981745,0.1521319871137
"210",0.890625565287497,0.438017350998104,0.236323722230455
"211",0.913079463905494,0.564057674506318,0.172586391830738
"212",0.29805280461169,0.399609800134674,0.225776838899446
"213",0.540161991458307,0.328751479614394,0.449581472657541
"214",0.627718812660332,0.561131903759817,0.274838513909529
"215",0.60024691718173,0.31346486538956,0.418888987270438
"216",0.73839745616299,0.598781603410761,0.246340482317738
"217",0.69521789216786,0.44994091917047,0.335942295361974
"218",0.781176131431088,0.454674660701898,0.137763667253574
"219",0.781481589509641,0.676773957065224,0.35525751531853
"220",0.462432289765839,0.382107393028304,0.201025344117431
"221",0.489441424920459,0.623771722748619,0.0987294435714433
"222",0.924236209558974,0.769353850220096,0.284331056671647
"223",0.863710705429331,0.542282858963001,0.247147343689086
"224",0.832546250192625,0.708911157783514,0.185232719041161
"225",0.834310413024658,0.764375814959048,0.102248270718397
"226",0.891254349273312,0.673688328943215,0.280747126981173
"227",0.886804232417146,0.413582468293196,0.155954834514552
"228",0.877119969347756,0.549404258060592,0.311003653075908
"229",0.977510549023314,0.461596365121718,0.208404501191597
"230",0.710991267971195,0.798827554389798,0.212410179458251
"231",0.689514414949699,0.457849739991399,0.481348349411078
"232",0.707978823221444,0.391867236346324,0.543377850164734
"233",0.777346478157649,0.669885264650287,0.663436448780477
"234",0.764617694961681,0.288675772549289,0.462125423654138
"235",0.78082698023698,0.615417458959354,0.160333116674982
"236",0.801784687233166,0.52656182508277,0.28061409643267
"237",0.667158599499286,0.308865042221751,0.545239981464894
"238",0.83790073779448,0.531696869515001,0.210799707280132
"239",0.799488877525446,0.449198110606545,0.052068458249813
"240",0.561463886107179,0.37333077861544,0.272635956884486
"241",0.643499577875305,0.370158633208157,0.108186544788526
"242",0.701212056767451,0.42497325255047,0.298400808904526
"243",0.891921290539475,0.475491378579436,0.193597371430967
"244",0.419277971211428,0.406701896404497,0.491595367744938
"245",0.705852980142548,0.759520086564581,0.305446577894448
"246",0.900027769800648,0.779685345910368,0.0942860828510684
"247",0.699272202813861,0.148649053782255,0.129390517438998
"248",0.763455938044694,0.680508057486059,0.12820172905083
"249",0.657323353743088,0.7416786722336,0.0829203995137397
"250",0.673681664721379,0.470188492539949,0.479694340123184
"251",0.57950496259599,0.373571358719018,0.257653632418841
"252",0.853636318214103,0.550670397005259,0.757414714823683
"253",0.628328527811171,0.462788485637546,0.221726856280318
"254",0.630144360230789,0.508299694533088,0.26715020498849
"255",0.426321538133108,0.587846479661385,0.284812815797311
"256",0.879720088771757,0.678045972494402,0.517606816238837
"257",0.762940457717928,0.488182506849021,0.319877249047376
"258",0.579986762973898,0.227061341228195,0.63307199451474
"259",0.825166363597106,0.55758393156072,0.441474907993568
"260",0.527408970814897,0.5449921815735,0.551898701111478
"261",0.68828518465396,0.623411366258721,0.347033921831404
"262",0.644594006093443,0.710571833646574,0.150142869967093
"263",0.795962788702209,0.734871272548246,0.129494447614794
"264",0.534216208328369,0.646223822861612,0.332614314720478
"265",0.919012553121023,0.215573210040171,0.361911514551007
"266",0.895966392869491,0.497185547851625,0.216072989686385
"267",0.599637446716018,0.641481095302204,0.566244590658394
"268",0.380090170999534,0.299302331422198,0.500298443568082
"269",0.727776983889983,0.601046235762872,0.627041227959834
"270",0.753682314089729,0.451874276032479,0.206552654713999
"271",0.901594599644033,0.505902723807107,0.575806008951907
"272",0.45488281564152,0.598602776145026,0.10237060783277
"273",0.482187725540368,0.296844306254813,0.0716610506617266
"274",0.516229841647519,0.552720438686541,0.17906262115321
"275",0.747256538102814,0.358708376952412,0.186205778898894
"276",0.789101981077892,0.262511796777333,0.471145519075327
"277",0.650805886526865,0.72963159735866,0.1553660944839
"278",0.758839590289952,0.489556181073325,0.108892470769732
"279",0.796374424439368,0.678861311073992,0.410758444116222
"280",0.709758258086769,0.734578218065324,0.419482452523621
"281",0.70521979853495,0.8094752339492,0.258665575259564
"282",0.607195296271477,0.669177720574221,0.201627664573835
"283",0.568487006706177,0.36902980693779,0.3431284251971
"284",0.962650403405997,0.521447759560185,0.1041354561973
"285",0.83405411147045,0.496989967730696,0.268109350489257
"286",0.739945395628834,0.750749663776917,0.357247903645646
"287",0.778822789807844,0.401736105155499,0.159006063804784
"288",0.724754146172762,0.105157040415343,0.252243569929771
"289",0.694474305107422,0.680309141395789,0.232470221365832
"290",0.657413237113905,0.805687573027551,0.156831756396052
"291",0.588930166522732,0.530377566250191,0.100657760377487
"292",0.403484478414895,0.363251334307134,0.66794513162568
"293",0.653183588654008,0.701939318126679,0.0352290747318837
"294",0.798136537066628,0.589167784076266,0.249558743721918
"295",0.571591384516208,0.449958835580783,0.167235221380078
"296",0.838875251246886,0.514054622291565,0.338838248013848
"297",0.823049598500317,0.819560958516842,0.297990355696383
"298",0.630221198512763,0.499619089106588,0.201797053327364
"299",0.169197864420408,0.64968735348496,0.450819517562163
"300",0.879014665871068,0.372930334887984,0.119646686873075
"301",0.861198656724244,0.63913804132985,0.0793784908702414
"302",0.393218202614681,0.346398871770754,0.247904093991584
"303",0.936382226917092,0.151381040211514,0.11699661888527
"304",0.435889880313309,0.202140012867159,0.0772217124689903
"305",0.619855740805319,0.472130530739375,0.144765407887043
"306",0.413324250357279,0.57045111735075,0.277043817466143
"307",0.461554321144211,0.383215557465423,0.254753706696934
"308",0.56379798524742,0.582821638750053,0.212205259478255
"309",0.44375392900644,0.551595414165933,0.442621565072251
"310",0.918653612228746,0.508326865893281,0.376950748331711
"311",0.907753513401675,0.445546734617164,0.28288977524764
"312",0.871639220468409,0.359267324667727,0.0657728689236265
"313",0.946231223905451,0.508953660812599,0.2997360469183
"314",0.843838913722413,0.428962950679131,0.0064485706529597
"315",0.160424349222252,0.422027035026662,0.245567124081357
"316",0.792257506020216,0.476174132586392,0.204069251720577
"317",0.715425466227867,0.488433568458471,0.0922848019700951
"318",0.626488000620494,0.60709498438807,0.295810900663564
"319",0.782515928859714,0.357289880502584,0.379020216039705
"320",0.793238132234884,0.746369868898685,0.363489277183588
"321",0.662278585193843,0.774255160456043,0.218304833871003
"322",0.646542029060495,0.673922313770825,0.252407712692864
"323",0.814922069162294,0.290739600759106,0.10964069118659
"324",0.926435083220804,0.492457316087692,0.498778581374421
"325",0.622943632914771,0.484412997383731,0.403371906758009
"326",0.809308753524439,0.438900853337068,0.338555419859654
"327",0.779898543905643,0.33819408268195,0.386134239075197
"328",0.543804160268376,0.312185030189707,0.375796696481392
"329",0.813804822825872,0.217209254716674,0.294671785028989
"330",0.923248126307536,0.540624206089916,0.392421809384296
"331",0.881814725280799,0.423742968165836,0.0850467099173615
"332",0.832911363970949,0.559952585980712,0.355260118187587
"333",0.82248320081246,0.764921209876089,0.330204665285764
"334",0.742754636307023,0.425505547361847,0.339649132681525
"335",0.826478718395403,0.607427940459903,0.228707338873826
"336",0.790235423943573,0.412839266850414,0.355993857695357
"337",0.639969152534695,0.636487551620303,0.432478797611879
"338",0.891211368659365,0.333137971390338,0.232271346206321
"339",0.700754016864459,0.594750136223136,0.454018207398704
"340",0.706548951846416,0.508491656615379,0.310414315708887
"341",0.820484422773003,0.500163642502905,0.397460721490298
"342",0.730064196297352,0.310117601962358,0.451525058648408
"343",0.418893714922462,0.204062966992206,0.238558166451135
"344",0.625110857308935,0.837203292362025,0.126625888724983
"345",0.840926098871906,0.593518316164424,0.199034726415907
"346",0.96019589682173,0.465606371470287,0.105058714991774
"347",0.95982899864016,0.670838798631299,0.322015380796043
"348",0.868188006623348,0.530510804212835,0.52328015490655
"349",0.824194465607577,0.194474401143583,0.430833452672716
"350",0.740369793717561,0.70079809177625,0.202221694745496
"351",0.71775113479204,0.180846231068612,0.370861187624863
"352",0.798273697151559,0.403771680746865,0.273458048252987
"353",0.335311927901464,0.391655449081597,0.24765379315439
"354",0.948679403341612,0.713621965813148,0.228185233434881
"355",0.782372085572931,0.446718212608343,0.30257273615702
"356",0.632571487778648,0.299800603851425,0.513915809874285
"357",0.902200347105277,0.375691321496685,0.272144123021911
"358",0.608612858325571,0.727613630087185,0.0797494886757146
"359",0.404170849260709,0.76977993315093,0.589299587615798
"360",0.819458352187673,0.680295408497018,0.331589732940168
"361",0.538087279342305,0.322333592101138,0.329751487077645
"362",0.57450373108288,0.295057495316647,0.250959727372802
"363",0.758252228188455,0.703293259198152,0.262770131834823
"364",0.836115632798115,0.48668690303105,0.42584872249781
"365",0.405188438638409,0.295803236679155,0.357079421605074
"366",0.371939847479711,0.699738746004554,0.0257642129134222
"367",0.738616048266955,0.735461337730262,0.416960531193244
"368",0.488854727992967,0.714093529499149,0.359649662895606
"369",0.710331641365142,0.471674496646739,0.388451019890048
"370",0.771871203215543,0.58317670734841,0.255547849396841
"371",0.726108632238081,0.324562856490167,0.139570919007963
"372",0.468380293842866,0.524071091169743,0.248781865936357
"373",0.916593356955316,0.4736743338132,0.529268395482441
"374",0.876059636267264,0.547492120579487,0.312355378614906
"375",0.718964454244958,0.416792240008685,0.287363575803336
"376",0.843896596333337,0.274197243479972,0.199433291704497
"377",0.468549669404527,0.693231558362565,0.549621844388549
"378",0.655653409934254,0.799383175044559,0.384727234769488
"379",0.730244785075211,0.282989248288332,0.283701939444052
"380",0.863383684438825,0.606872913457395,0.310429501531004
"381",0.609037565218407,0.156213249513723,0.691502253567588
"382",0.359469903859467,0.448417400516995,0.248425033499193
"383",0.707216254923235,0.451644395489022,0.407714402142219
"384",0.908238582800624,0.761089560782526,0.0715901955702106
"385",0.423985086023539,0.344572417544475,0.332593644677167
"386",0.929681022173548,0.530331830243717,0.303622653421616
"387",0.836504841393198,0.675300630307796,0.409286844956083
"388",0.768848390233204,0.533775677514745,0.196749318521874
"389",0.794262360918682,0.774551349905152,0.287453200650814
"390",0.778619526266261,0.546149427050098,0.348698764330576
"391",0.722159265637372,0.76984739542408,0.261038086597719
"392",0.501776221220037,0.699160582297995,0.240194341632909
"393",0.781532007261208,0.264815650310138,0.208624374516393
"394",0.839585092550869,0.524307727884118,0.337250678649296
"395",0.731347081238229,0.438215466918698,0.287516958839424
"396",0.718143324531882,0.688409929882402,0.601482520357993
"397",0.927111816956957,0.434674262738669,0.173796585799531
"398",0.841683841211224,0.671490207911781,0.474671411274152
"399",0.720721243773986,0.3364867258414,0.236405340010966
"400",0.811189245491849,0.78567368206341,0.168437300584661
"401",0.958416437777164,0.578137079076566,0.0392240764358049
"402",0.468258391226782,0.350177266872422,0.607101702463642
"403",0.767387469713294,0.652401070804861,0.0852112182562067
"404",0.903822829915607,0.626023308631019,0.156015771311903
"405",0.75153868398491,0.580250761677134,0.359944076451254
"406",0.49490689372101,0.602668356283121,0.00700790696880327
"407",0.387905008518767,0.815014665718327,0.183213036034296
"408",0.79306605434107,0.549607477361123,0.191184196930739
"409",0.763037025074851,0.447202514256978,0.373251921884049
"410",0.377099574069511,0.737626028038772,0.109819752950918
"411",0.514927363933728,0.709377820800731,0.405854808799973
"412",0.924610708755547,0.359941674567098,0.670295165315848
"413",0.822985806051014,0.354767760432822,0.242592114879636
"414",0.69237129844564,0.727860849026129,0.311162378050904
"415",0.953427594039258,0.637792315593094,0.446163076313066
"416",0.93727624782581,0.543748260972903,0.196126799253986
"417",0.666064288423678,0.368607110653402,0.368844730421382
"418",0.492359629941207,0.682676981474948,0.188022758030572
"419",0.776555447892426,0.598647500252284,0.246446149008449
"420",0.702579977747311,0.375679472219599,0.212083608245491
"421",0.972496384263758,0.569955644766121,0.524450420070577
"422",0.808490668680517,0.672325383622988,0.238890420458167
"423",0.76088985345199,0.687469722433766,0.255035048466572
"424",0.864146880184241,0.613116437584676,0.276153991665106
"425",0.858764418938502,0.641149239711259,0.515063035651863
"426",0.506557904303748,0.478841173689604,0.14041383434223
"427",0.832496629363379,0.474860599530707,0.433803271589194
"428",0.678008365169219,0.694949369043834,0.794616873838712
"429",0.745406560273681,0.328651687570994,0.256407630400815
"430",0.527101010946975,0.795924995524842,0.60074383351885
"431",0.402184543593787,0.35391712465943,0.316098179922597
"432",0.708303208316344,0.469740610869668,0.360363880743081
"433",0.918910708325397,0.469739014031566,0.399117525677888
"434",0.681563984688308,0.170446181483254,0.312782902957542
"435",0.50709431021207,0.474199980984033,0.223625675779611
"436",0.720950981982019,0.570180071844741,0.453095291530612
"437",0.433659863752516,0.375437376933897,0.491826226345697
"438",0.628063223688146,0.553526655078575,0.602697815221182
"439",0.632038045724062,0.270629990907434,0.231577204788455
"440",0.762448058810929,0.558137296584231,0.130919953766277
"441",0.601481075769746,0.577022506065974,0.359733673460981
"442",0.911951604844076,0.395631535801641,0.38354560981507
"443",0.737582438201958,0.691644786940241,0.110701433819312
"444",0.825551906076024,0.743426867949454,0.369249560481621
"445",0.557641156645261,0.591549487056806,0.301196519943489
"446",0.770702428697526,0.432890588839169,0.214136534947687
"447",0.570456451502521,0.764845099539164,0.650437600501707
"448",0.277835700161613,0.475991042118451,0.323108943834984
"449",0.979973231625656,0.597016730371414,0.28154220812038
"450",0.413086370050743,0.625747391968363,0.133207156310611
"451",0.726170275349442,0.224696143896767,0.357606077077846
"452",0.833236929595611,0.673893529060697,0.528354671175841
"453",0.923578519597225,0.442197485060029,0.431760085215256
"454",0.386605357591631,0.540646678158246,0.0662818226419856
"455",0.420492679467796,0.529939695963669,0.431873139664442
"456",0.508038506430023,0.63271323061031,0.153232861878015
"457",0.97626644164075,0.349146790651344,0.588996138741267
"458",0.91791799882822,0.526661042459548,0.075273838484
"459",0.917358904323684,0.718567782990387,0.0961506361405904
"460",0.884295892435629,0.596525659186324,0.069491909685109
"461",0.868242275598873,0.595329006447282,0.399326196480895
"462",0.818429381513586,0.482550253262756,0.238928931703001
"463",0.460700783306407,0.555969871266625,0.432197229360595
"464",0.612473389571173,0.610388002029623,0.394912901170584
"465",0.897861094137445,0.480401434640041,0.0330524472949452
"466",0.52753221294621,0.69936467397952,0.22018671728031
"467",0.948701184194625,0.503366568181451,0.0450797723481516
"468",0.81862764725927,0.226303195985729,0.255514916858733
"469",0.90720214582606,0.772472342502885,0.234469519356474
"470",0.773217060233325,0.640813321285733,0.507842069623543
"471",0.835236158761783,0.640447069423764,0.183881512925144
"472",0.518623598078714,0.350928960466659,0.381616097846654
"473",0.648222909360987,0.717168677599519,0.251887212013143
"474",0.725864039767333,0.403695184895102,0.13801706323373
"475",0.490881852011671,0.731761784325832,0.100390214085806
"476",0.756427373766885,0.672874909661398,0.364291845407699
"477",0.958280907218205,0.666587808990529,0.19686878059313
"478",0.881899983830933,0.437482533356479,0.555613831485991
"479",0.500835857809492,0.584427088205323,0.0814632170282624
"480",0.540931858063352,0.218610264207167,0.355643540107183
"481",0.754362836320158,0.333897130714853,0.120551264310916
"482",0.676547710525097,0.469689838178189,0.040779383429733
"483",0.348611992492719,0.339185056688276,0.606293072247017
"484",0.795563645178866,0.688753718932323,0.596880110877676
"485",0.634290746105453,0.449673995877458,0.350777868146811
"486",0.552925260092094,0.560730346986204,0.182806392989089
"487",0.42525632937542,0.685369519249101,0.247828759215763
"488",0.666259498178171,0.198306391044972,0.119392111443732
"489",0.908529464121789,0.321332060981096,0.354832844926429
"490",0.726796795982127,0.465595082844903,0.0668122216224984
"491",0.472333362759389,0.332229844129389,0.323183095187503
"492",0.876270691260768,0.675827318154257,0.233327841954599
"493",0.842715741721108,0.547219464080918,0.259769042151801
"494",0.897227024120483,0.382189489993827,0.272222713706517
"495",0.791206582293298,0.244774434087542,0.105205947815334
"496",0.93354565656578,0.640498827035709,0.204262182792715
"497",0.767608659164604,0.585934460954491,0.205330707616333
"498",0.818258838038928,0.502127669329895,0.0612701045714487
"499",0.562136258760911,0.467735337046144,0.285272681757066
"500",0.826192196486625,0.665484122491868,0.478806507465891
"501",0.811041366898472,0.44340756376376,0.473800886278362
"502",0.483972356550474,0.87295958014225,0.32285191802549
"503",0.735134493668917,0.6082955639476,0.45051026059848
"504",0.783952220330923,0.412529684638377,0.465887049311879
"505",0.748559945118193,0.499777884489949,0.0908708000176551
"506",0.655141139452273,0.185547986909032,0.287793795858011
"507",0.664142185241082,0.438419879139041,0.436511041691597
"508",0.90798307486382,0.3992643188378,0.459873413867452
"509",0.584825862755341,0.556574586756121,0.33104567511697
"510",0.669321616113087,0.583158992863352,0.347215996651397
"511",0.502398906456504,0.434240898943217,0.0582158395241942
"512",0.863178364358231,0.412334857178769,0.124263476910261
"513",0.725215488802355,0.623311802633579,0.153485373846162
"514",0.914578512669434,0.561964781460962,0.24360385652465
"515",0.645863003293304,0.521399140121218,0.302684992762172
"516",0.899774467102695,0.527519165208341,0.211474969325621
"517",0.75374819360115,0.390364754556478,0.200411836813091
"518",0.932117439180613,0.31111093023323,0.507968835161558
"519",0.598047720902704,0.643912283380827,0.266635172999157
"520",0.791519408507119,0.388806751656978,0.372352395917631
"521",0.944287173620851,0.466613665416725,0.385167526068644
"522",0.602967258748584,0.360457530941494,0.467472544760342
"523",0.831594178459256,0.44893066311003,0.252580234841523
"524",0.861223987899655,0.342583010650536,0.325992954423066
"525",0.576407724226948,0.364796013197809,0.0723103080543044
"526",0.859157928674207,0.442041283440102,0.248268072531619
"527",0.545193888466699,0.47923879565972,0.142140553425963
"528",0.720452259041349,0.446399654331532,0.110615563455475
"529",0.737375676626531,0.427832858276514,0.252171068394644
"530",0.694032794242198,0.414492155531538,0.0895865078797326
"531",0.832033764342006,0.416090344359594,0.264080018269649
"532",0.724128355353615,0.52825778342678,0.230197991775645
"533",0.814444309051988,0.4897567127155,0.323714526932854
"534",0.732092621006746,0.394213319704201,0.375591167849482
"535",0.852507552101869,0.445005461667646,0.147355224158009
"536",0.768764583644591,0.530549006988418,0.621426374103617
"537",0.687029456999425,0.411745620663616,0.384754712192113
"538",0.883007804309848,0.518975861605497,0.399531027775518
"539",0.543024446050919,0.442342564117937,0.0503540125568634
"540",0.644608438031884,0.481355519312615,0.236751475807895
"541",0.779640936709747,0.559161067186988,0.504142744685494
"542",0.389656075422476,0.510469568024752,0.596267945615888
"543",0.87731245020711,0.615449506981753,0.198184017479364
"544",0.80644225545568,0.752787899236142,0.248203659140871
"545",0.746861216544228,0.688522846559316,0.664012060985929
"546",0.771548673339746,0.526641336316843,0.16697066099468
"547",0.497952117744657,0.32847583783742,0.283231503250912
"548",0.686143494930523,0.296998415670302,0.32204928217342
"549",0.753220855274552,0.586080170441449,0.462251766483005
"550",0.850486550412809,0.300968566339219,0.244252945296252
"551",0.566305748575295,0.42676167027036,0.203576597285516
"552",0.777505134873397,0.421468184584114,0.227149383071918
"553",0.945879179978265,0.701659838963754,0.111990101966575
"554",0.658422032069709,0.347702591361628,0.232849620956415
"555",0.865082203791915,0.647621493730683,0.453312320502692
"556",0.815665513148357,0.59280301111245,0.269926314780238
"557",0.858436059425524,0.48494964511819,0.331073464077964
"558",0.518496292907195,0.746066770966756,0.294744515560067
"559",0.849566277390816,0.35211072889809,0.360201094472747
"560",0.477208206390934,0.728843183241886,0.279170674391302
"561",0.740850059529758,0.426694688523349,0.121509493697492
"562",0.735221585413654,0.839941262092178,0.33130802980208
"563",0.913347995446191,0.334730165810465,0.180395445407063
"564",0.616290574052111,0.62177960301571,0.241527401888737
"565",0.481305569192241,0.462694735989545,0.498603069139845
"566",0.760580168901165,0.554468137308578,0.111571734440502
"567",0.69723558705295,0.503217947971035,0.0740570802517125
"568",0.781837351599428,0.475732031133553,0.378779531465261
"569",0.642035029292756,0.400497839235718,0.239565237010254
"570",0.657592720692884,0.457412319020145,0.138994166298549
"571",0.778905647479453,0.56693453530714,0.377840790338382
"572",0.839689539364405,0.445391705792943,0.442587234976106
"573",0.702727490405769,0.524101905328768,0.415125168004935
"574",0.610327219589456,0.556871558550131,0.248690301587383
"575",0.783708884708253,0.547427328037896,0.678235014976169
"576",0.669933663553239,0.553783712404827,0.170734918534654
"577",0.387905644656083,0.713776210087663,0.249226192818561
"578",0.84727360358312,0.631527854365793,0.383506787342193
"579",0.599805587736029,0.645624608208802,0.576276908974898
"580",0.408603642154191,0.486989499970653,0.678437567274356
"581",0.648638096300648,0.284946649727589,0.169385083542044
"582",0.669904618395104,0.491438600585393,0.14666079743768
"583",0.610075984053912,0.563838047690174,0.208998754226866
"584",0.957153992515993,0.644401691488701,0.0429907321615038
"585",0.628699944354984,0.615637591090266,0.0507937868256214
"586",0.720545329126101,0.607006057470478,0.371093093768526
"587",0.937462638600289,0.430083787361314,0.462378132786615
"588",0.614330602512373,0.619161703366362,0.576664508303795
"589",0.834081515901488,0.795720471873174,0.689264080575545
"590",0.943698796041661,0.405384252223585,0.0659287284465248
"591",0.673864015712173,0.449833456580306,0.112261702586799
"592",0.835842900542192,0.553463627300699,0.0843734438365467
"593",0.850721971740182,0.420192828531292,0.181611604559553
"594",0.826295105185603,0.633942992212611,0.314283291129873
"595",0.261898033339258,0.655910266392638,0.111054169382442
"596",0.974844765014492,0.709651828140847,0.451233873212729
"597",0.936965694158576,0.48309240366469,0.465327057349524
"598",0.497409348119268,0.432988794173947,0.33616493673102
"599",0.537465477300291,0.557873837670488,0.178527881798043
"600",0.757914707907329,0.472601789813742,0.158971064044068
"601",0.834828149994404,0.273211520861077,0.256887899720772
"602",0.60085429260055,0.502134703070253,0.144005892736443
"603",0.573437878909131,0.659879227215343,0.527975679691812
"604",0.941150219175607,0.776291741813832,0.307853192142439
"605",0.777434739033706,0.434145733483699,0.467043302460564
"606",0.600723461918422,0.731756991308102,0.198023582561628
"607",0.943410530066403,0.461610132586937,0.44269551683182
"608",0.754262467171262,0.381799784283894,0.242538734034391
"609",0.788117857267656,0.45171295614988,0.139607320897273
"610",0.897337825669564,0.741672136454975,0.21334529551798
"611",0.614017446054831,0.264315560341658,0.0792384024001763
"612",0.670499611920727,0.508590254216261,0.426832309979197
"613",0.899656594337863,0.536828803714374,0.504111632987052
"614",0.820362176133107,0.467232420690697,0.0422289158143205
"615",0.932820725504792,0.605459994388492,0.236779675306316
"616",0.875013603791032,0.540514184348071,0.25123465071878
"617",0.444145503440889,0.667773929239862,0.184372559727701
"618",0.493483238634264,0.852055274397809,0.18837198483594
"619",0.845814015827969,0.648221903746839,0.193485122053948
"620",0.800920543446052,0.617247144875185,0.209978090443103
"621",0.890924559565766,0.312424050846986,0.408777373578937
"622",0.79318680875134,0.43419496323704,0.42567627955272
"623",0.854932498026047,0.603995088671646,0.146739519408214
"624",0.820661724752434,0.495322046578596,0.25560601916738
"625",0.845931431515192,0.398004697921916,0.352138200405282
"626",0.861944515462806,0.468797958374842,0.0496008266132332
"627",0.72144788334498,0.416023629875153,0.200927009497904
"628",0.77181533349833,0.286965231259666,0.45269286254721
"629",0.993556592891677,0.453749180108619,0.210467047636705
"630",0.963070068093307,0.421775417411789,0.0865139342664878
"631",0.723559442340923,0.37369936311366,0.213925917696438
"632",0.781461266487654,0.530010001263408,0.354606158570719
"633",0.752059932758375,0.4846110073116,0.210714660055043
"634",0.928922135437306,0.679920996607352,0.150709018470184
"635",0.861884554858771,0.377761760702264,0.449919484018217
"636",0.858022952137216,0.366813398040077,0.260902582674694
"637",0.589638685117379,0.640830100862967,0.545156581134939
"638",0.750798919362773,0.452476091146763,0.0844713304999195
"639",0.775498302162083,0.251315147598783,0.321943867614619
"640",0.810712709925925,0.549340165997931,0.408115912929049
"641",0.783509204420008,0.665435541322521,0.339315939478163
"642",0.545860259105321,0.679454901348199,0.529342241180988
"643",0.418205639783266,0.532680980624623,0.100990561335369
"644",0.559326010294396,0.742351280810481,0.150346487413513
"645",0.420683692208111,0.434964943193648,0.356038773275771
"646",0.674676397490803,0.461151669013668,0.119721678049411
"647",0.602714957199735,0.384567615950691,0.0786280084667514
"648",0.95969008783146,0.369175289839802,0.366747015237875
"649",0.621648345698971,0.261386165475376,0.432531849790725
"650",0.421263739453811,0.410153647210639,0.118944528246475
"651",0.922930293016399,0.78145820128261,0.229983228527501
"652",0.78269996971229,0.473781959475382,0.602685897532953
"653",0.821700645018126,0.642820726044086,0.382575101817742
"654",0.645256720445807,0.419913463264533,0.128835906265823
"655",0.442271511546777,0.525592071625713,0.387901963704391
"656",0.789371787136413,0.231730883818974,0.335567103445563
"657",0.425434517906363,0.757658724837569,0.505429661903489
"658",0.640988253767202,0.268174033129382,0.526269374296687
"659",0.613146019449184,0.212990354775276,0.30903145649018
"660",0.773552779493151,0.407160418463331,0.0731849098765829
"661",0.354921049631145,0.286356446879256,0.204424980963063
"662",0.790083315633682,0.560224778830788,0.633019937884657
"663",0.731748629390467,0.306478992324389,0.542263096392753
"664",0.644106173287228,0.208226893511641,0.335323974504926
"665",0.417934365989678,0.606776276632604,0.0515437879111288
"666",0.763128301092895,0.450429465798607,0.170518064943256
"667",0.502465772396219,0.572847116098545,0.366538172206372
"668",0.802984211483948,0.510693600490987,0.180591571701574
"669",0.839359412189552,0.499361900546944,0.529469943746267
"670",0.897298224398336,0.595714291792157,0.245875324295265
"671",0.810871144995828,0.836429231896726,0.00491074934358953
"672",0.689567412901548,0.639956854125052,0.147930257104075
"673",0.343830902434235,0.611470168953944,0.206437347464666
"674",0.661311680871509,0.47464084895334,0.332841671857199
"675",0.840392028205776,0.458562207977291,0.0584503929393913
"676",0.659267801138455,0.311062412360423,0.264393381862268
"677",0.856711973199016,0.679734495852229,0.186082486216824
"678",0.668724349180664,0.519428044086607,0.056744574776366
"679",0.836747789658818,0.688689337690417,0.660539396511228
"680",0.548993349560227,0.547965405804964,0.212956347969651
"681",0.796257938551832,0.432248515815097,0.324425881323247
"682",0.777789999174603,0.610985674492391,0.164093214261436
"683",0.598248989179227,0.383039900699261,0.620553086469209
"684",0.693931641840505,0.65154862885462,0.412067053772582
"685",0.540357125568138,0.662869497616008,0.179230298003715
"686",0.767265213686562,0.199881531801408,0.183728986658218
"687",0.592845003884537,0.670868622247634,0.289876432837267
"688",0.731794706406348,0.469924572712079,0.417211146151743
"689",0.841976263455922,0.742907477724886,0.140424333346573
"690",0.932747150618076,0.5335192233251,0.0839868120598378
"691",0.447066890370436,0.766860461769797,0.353694700416329
"692",0.977918274185413,0.550066375393586,0.278348215467158
"693",0.670782027281816,0.345368722480001,0.339473339733814
"694",0.534775003971711,0.387967727415423,0.605238702479194
"695",0.968943712487466,0.501091370415741,0.369149474692319
"696",0.597275646630633,0.393312353677079,0.0482514222058837
"697",0.7235696370267,0.771204120176929,0.178517211373676
"698",0.893029705105411,0.275643750357901,0.378213219307975
"699",0.570094497323474,0.492510198256508,0.543858622472703
"700",0.839229946762004,0.350589922018558,0.562229646150517
"701",0.78605539108168,0.554105011995832,0.172764582881094
"702",0.831276997900603,0.335315014472817,0.293726817444954
"703",0.628869914725664,0.519679042274459,0.10289419026593
"704",0.866469787065647,0.532640777232354,0.414677458265785
"705",0.539787669865506,0.31053475424084,0.436068117059055
"706",0.603752997347871,0.515675982792298,0.256648754975809
"707",0.718694634094007,0.753610989397556,0.601687070184684
"708",0.58058941265158,0.437362779165465,0.301191380221162
"709",0.536966232758362,0.633632122647556,0.301792335327581
"710",0.803866566232978,0.547816703151624,0.195087063627639
"711",0.840207809747527,0.455320622282306,0.218650811381256
"712",0.714491761971272,0.396493157162517,0.122871406178375
"713",0.523794129253057,0.347932250260957,0.0796827926098225
"714",0.439581028223951,0.458004191414418,0.134209366606481
"715",0.772785074902261,0.371021543920326,0.263255433505698
"716",0.864034608589595,0.234921343796485,0.12705064559731
"717",0.658173623152136,0.54645628658847,0.206515006973414
"718",0.718491760580291,0.633359189312192,0.263148651737954
"719",0.755260404176087,0.51197823000224,0.220034047160451
"720",0.879319777743925,0.313303533106473,0.314994015236864
"721",0.685270689935898,0.5409701848894,0.473384174219789
"722",0.679524069165383,0.516587832620104,0.392101389217653
"723",0.873657508801098,0.692644819348892,0.295666736446935
"724",0.709692344742094,0.768024866220017,0.0818273375539001
"725",0.529286942867976,0.640912021924,0.221161460328028
"726",0.896310277653289,0.524208376728998,0.250289257320717
"727",0.810880465475953,0.528026029727638,0.165000318741979
"728",0.683599000596419,0.597775360614391,0.203756159775342
"729",0.876575171183176,0.518985154526202,0.264230126887348
"730",0.515063103367995,0.219446679901954,0.460272074473254
"731",0.895108956905884,0.491823049749982,0.351714205198049
"732",0.613594718565319,0.4394867656918,0.132524126772398
"733",0.669402575235231,0.459886763726842,0.0875831080977777
"734",0.813251363094253,0.382104764826679,0.152464738951027
"735",0.709530014288099,0.307552465151475,0.174405639433133
"736",0.565263750913281,0.477454553189524,0.123682288786416
"737",0.946660677713721,0.297896586212758,0.257260395781493
"738",0.578785430520704,0.381554388016111,0.247995354468213
"739",0.860114441763393,0.661948749674822,0.195253789432814
"740",0.566225240758766,0.537524599956633,0.393007518727267
"741",0.82492739372144,0.267898771703376,0.167158069282081
"742",0.73370798819657,0.388034264938361,0.480641251109776
"743",0.555946464072556,0.435110085007048,0.252503056133522
"744",0.917246401632633,0.369547974511496,0.277057445205248
"745",0.851512604963914,0.527967896313957,0.325764230855696
"746",0.855476373205676,0.6276952680113,0.299766863106381
"747",0.463457173971134,0.366188513023271,0.40070631009172
"748",0.690341134502106,0.270839622415169,0.225511821079444
"749",0.66299294505,0.707828104411065,0.511203751355746
"750",0.917824525373327,0.475361511785393,0.280229256490828
"751",0.320234971888535,0.455910935659532,0.0511429511347622
"752",0.70479796914378,0.684183765340577,0.32110601248377
"753",0.402180617633213,0.367623481883123,0.286215476355002
"754",0.647846485573486,0.459573274003505,0.178781669950687
"755",0.529207397799839,0.248737894298219,0.199996857494203
"756",0.715290923202813,0.374907483306335,0.262996173670236
"757",0.748968592929473,0.4394015400812,0.128153834596431
"758",0.552819006308236,0.524698514548552,0.126915055009847
"759",0.597122930233696,0.685897598463363,0.296657029022456
"760",0.796332933984723,0.717262074432173,0.0780983000401808
"761",0.625294463808447,0.445058751391789,0.377083155675939
"762",0.840727667118082,0.397551828049089,0.506990950939461
"763",0.659807129574129,0.332529275569987,0.329679305148794
"764",0.76840357486947,0.495058084170409,0.277137620943437
"765",0.720529866998254,0.309980601392261,0.099846549874099
"766",0.802547070381727,0.260527847378688,0.198343544603092
"767",0.740792620018199,0.513462465985793,0.112705992051021
"768",0.925999035045792,0.339003631816225,0.426151853847407
"769",0.670180194589663,0.699681662743875,0.427856292426354
"770",0.646797093799495,0.611963154974848,0.0416491708505605
"771",0.449280153189223,0.63045432296783,0.214516533038409
"772",0.768704699811886,0.61000259277276,0.368112627997385
"773",0.720700464510986,0.228690745898021,0.0357471442834923
"774",0.841547515358703,0.348712116559381,0.213987981746949
"775",0.510530531523272,0.298040244093191,0.0667525511713893
"776",0.470328283806111,0.357786567862814,0.466304770488887
"777",0.896848092063942,0.6162955490938,0.53463115890012
"778",0.931173082099425,0.536471823772074,0.44895282685106
"779",0.755148202492838,0.244532051701726,0.368094431329441
"780",0.678628882988528,0.664745779859744,0.474388527477383
"781",0.834071889275467,0.345682089351278,0.175374721170826
"782",0.72874132771909,0.361882164419208,0.206993332017354
"783",0.837958366615861,0.394907337273081,0.260703304185446
"784",0.791130254109254,0.531161714113143,0.554038172891306
"785",0.592030897913063,0.553882077688966,0.101947375178084
"786",0.463811431718856,0.426925868277353,0.408865910309187
"787",0.521911467664923,0.830417775391046,0.295853631828124
"788",0.585636907212988,0.623404210125266,0.223339248123101
"789",0.737922381161653,0.578657702887755,0.568383956829704
"790",0.803540134681952,0.714144273406464,0.0975816626775527
"791",0.671997019438123,0.231770181105132,0.19740657103026
"792",0.679830884079852,0.560913994337422,0.179918323221822
"793",0.553489448447455,0.437859905239395,0.315376495857229
"794",0.686593005699019,0.462808497248762,0.57300319964192
"795",0.841083080842541,0.556818060782236,0.491432908353781
"796",0.787935761254979,0.47563001284292,0.223446246383089
"797",0.659490887627083,0.655387448205354,0.216369465819211
"798",0.767555103240609,0.642077577589693,0.0550426874425236
"799",0.468220190309579,0.430391825893472,0.380590399497906
"800",0.426486733716954,0.389867272546038,0.377830524755615
"801",0.753499333407214,0.652114125503933,0.4810897307808
"802",0.774844521697499,0.636875342604291,0.427809930442689
"803",0.937638934710855,0.473802450750375,0.149154327199152
"804",0.58559958140959,0.185946338365996,0.170952020088325
"805",0.559302753916199,0.501480159792569,0.150556072345558
"806",0.938932170521302,0.594506215174418,0.420434004674476
"807",0.385346403667953,0.317415768849072,0.363417583745123
"808",0.744323738154628,0.393349818544455,0.125349352290435
"809",0.389379535009662,0.369720193043042,0.534802323537966
"810",0.622442668689866,0.505038825074861,0.277103116794035
"811",0.60454381202811,0.740407723976195,0.717234542334913
"812",0.58548293768657,0.591186837601322,0.552051368229677
"813",0.782213844238086,0.600513356572393,0.214778155157313
"814",0.685817067647801,0.475538255608976,0.257093862115942
"815",0.545474266408999,0.335218853575193,0.0484774119647457
"816",0.316304590316096,0.226000001793699,0.640878620571158
"817",0.474092161211638,0.572294008588305,0.130434407470731
"818",0.868824635658145,0.373173950652861,0.0448085928941114
"819",0.822443631398152,0.530405432097168,0.0326185909043872
"820",0.388688910329616,0.593591942362283,0.12587358209222
"821",0.813808885471106,0.441159233812643,0.121509396454115
"822",0.718903936889942,0.639945338896765,0.192793043717233
"823",0.377795056826205,0.451207862360587,0.293806925611816
"824",0.657977706360111,0.345529305581236,0.164704280209733
"825",0.514209599602867,0.579621048496578,0.185201737018773
"826",0.764682661133851,0.608806586572246,0.307489398433999
"827",0.50183010752337,0.378320778361394,0.140988266291979
"828",0.666549765207785,0.55317129809941,0.405500203494781
"829",0.591412828966414,0.542761089162432,0.423946724116531
"830",0.773470295428529,0.440920947666385,0.0849963718004553
"831",0.330171958757901,0.498123880091782,0.279960808179074
"832",0.662503407750583,0.562162770979881,0.285048873814638
"833",0.79092929023372,0.56988285838395,0.242347553245176
"834",0.964480916719465,0.628435709810986,0.262208841122021
"835",0.827067639469908,0.753787967329082,0.120930291757411
"836",0.703291034648002,0.27688503526828,0.38450203080218
"837",0.78658902420825,0.852231130305823,0.193835682918615
"838",0.923951663244595,0.469952400108662,0.096787024901273
"839",0.545584700693323,0.478034370922885,0.263915847580655
"840",0.900505804519629,0.383460987364219,0.113213034688365
"841",0.772094232299986,0.546335371764081,0.271030484034219
"842",0.709332580849519,0.248532407363223,0.475987225238266
"843",0.637770237459613,0.312213448100655,0.451029775289545
"844",0.5189563405022,0.525908632241872,0.314755099801642
"845",0.578121475328302,0.300968992421786,0.286083966705164
"846",0.81713822032629,0.150750022399695,0.313397027308778
"847",0.678060332770887,0.344522218170778,0.517497784300925
"848",0.817621817939529,0.713989580025622,0.288227214187304
"849",0.847142296316973,0.337368716591999,0.431030005874003
"850",0.941146464096492,0.325887837372039,0.397301931242032
"851",0.837362937030095,0.607292428632258,0.241126698480128
"852",0.80589976454418,0.210790718832717,0.288556866833672
"853",0.834713968912912,0.725813616376687,0.160541650830568
"854",0.59221487029968,0.525029681043576,0.426192233083329
"855",0.817603451193621,0.460673236807586,0.184871523941645
"856",0.61923744014812,0.515670145874583,0.0525041272913465
"857",0.559193756840237,0.62890851861775,0.348313014324815
"858",0.793963436826706,0.753141601381596,0.563258165498987
"859",0.846919038548954,0.49320819891432,0.0897865488252233
"860",0.622705756323276,0.756270334257815,0.622875862213093
"861",0.852503770885194,0.549225678790864,0.16067990591116
"862",0.66973236395625,0.64251428936324,0.0780115362994599
"863",0.537408561244232,0.554833275196046,0.545786172404522
"864",0.716448692698689,0.683374886124534,0.135732914235467
"865",0.898682853959671,0.487298761337093,0.331407932681551
"866",0.827073607276145,0.286206209399021,0.139129399874093
"867",0.526084563620623,0.495406271241705,0.81767774313175
"868",0.595528255793486,0.169582330713196,0.238439857599828
"869",0.653515277779183,0.777342673072603,0.303438438132554
"870",0.716731184231697,0.777161234871481,0.0909381758585748
"871",0.751483036286611,0.37774038809044,0.412949819549672
"872",0.456388526590653,0.405988297422909,0.294116988790357
"873",0.652966120357607,0.217164619617357,0.295200168419485
"874",0.66320001250023,0.717715102606139,0.476246016398655
"875",0.516547401785829,0.574358810963373,0.183543490591769
"876",0.75721420101026,0.533219154689999,0.290944813496623
"877",0.652455309596505,0.375836843373238,0.407039268382008
"878",0.778153548549836,0.283740783577791,0.433025972412292
"879",0.453189927859718,0.794283234619916,0.25959291933029
"880",0.899541630329801,0.453344734420297,0.491711244650149
"881",0.455712786841957,0.276959010299295,0.0950168538628479
"882",0.738433674834062,0.357407518568277,0.436030193871821
"883",0.5390604349176,0.619188465292359,0.487833452331694
"884",0.321928764494471,0.64422389347824,0.497511960216715
"885",0.742366291003448,0.284928947391535,0.15164027638751
"886",0.801854752985069,0.338495489372077,0.338145012288778
"887",0.871020697501846,0.221397491035694,0.211749253073048
"888",0.435166966151744,0.458153295340561,0.349803883895672
"889",0.755823520050047,0.521770645756126,0.35728454819978
"890",0.895319337583518,0.646441535202384,0.111487487866713
"891",0.794302431808606,0.615428513686901,0.316035841919462
"892",0.85603574029428,0.370444294280884,0.26984962200208
"893",0.561664446592498,0.443677614010754,0.143555970797979
"894",0.595705154295175,0.433035147205675,0.410070597488447
"895",0.746054454435643,0.517680860458949,0.283543672470835
"896",0.784990338296865,0.501866066594137,0.1848996359157
"897",0.815698371208989,0.716267801322337,0.473109093665172
"898",0.839186437948431,0.582655507664922,0.12412464348164
"899",0.853852013863701,0.751210504531536,0.326162285760124
"900",0.927653033381924,0.569284009572841,0.154853684206305
"901",0.564392416188813,0.426039066423295,0.235056376175659
"902",0.456570450528225,0.501281350714852,0.330569400930383
"903",0.887936030654774,0.403128737566493,0.526376168357247
"904",0.937977035555806,0.337627388667448,0.353616815284803
"905",0.892830782178737,0.696387313355433,0.328357807671844
"906",0.727840080971769,0.24946294159918,0.198399409091258
"907",0.625687530562146,0.537499423028708,0.167163526606072
"908",0.543593059812978,0.349762184697956,0.332220239162397
"909",0.540684554430282,0.317914480313127,0.245154268648342
"910",0.684332683476546,0.640451496733665,0.149480573692983
"911",0.871458570572754,0.363617783208706,0.530157505474664
"912",0.729825384995025,0.523265292935333,0.386905113630337
"913",0.823357119016233,0.463649153680535,0.240104159269972
"914",0.757471533246618,0.599820107521081,0.501942646743086
"915",0.567966186286791,0.335264019492618,0.226348322846782
"916",0.775364641767418,0.779365968290467,0.0912247935298005
"917",0.421674450964823,0.389164916209556,0.137006585169902
"918",0.712704190169175,0.378106251439707,0.161729669071655
"919",0.950289012346736,0.650669518792308,0.143910259212808
"920",0.838380330629257,0.520345055799074,0.614791864186253
"921",0.875508280733362,0.643659887920442,0.511190928397835
"922",0.798035628588858,0.553848567143572,0.535586900934634
"923",0.82482144139569,0.431664931790241,0.447019063697983
"924",0.654819193930318,0.358496326276229,0.242907341076223
"925",0.933147236047389,0.608457681585542,0.19294267488167
"926",0.801909745317543,0.648560485281935,0.202749133762744
"927",0.672083759288655,0.45458877911152,0.175011731266829
"928",0.75689772839492,0.693622532405245,0.185253401183
"929",0.882138636726903,0.638437484292889,0.353946504371215
"930",0.756215533835951,0.393172250829952,0.531367475084687
"931",0.664049763944839,0.654596648983406,0.407942158748387
"932",0.421073174089203,0.380116266675717,0.183013157254865
"933",0.803447523458178,0.523021733830729,0.332930331296139
"934",0.880154312102627,0.501211397156285,0.241080191887844
"935",0.465047184931836,0.590183167620728,0.171005506730214
"936",0.936487809846483,0.601723742987935,0.382607641035575
"937",0.771137151218334,0.568489392877227,0.402323119345542
"938",0.656566559131245,0.650293453669912,0.611028735840583
"939",0.369166784381149,0.364784443403991,0.671859697651132
"940",0.931982741205863,0.35615814897078,0.23802914663384
"941",0.434780479103343,0.55447578132573,0.150271944809262
"942",0.69087533293678,0.563040126957791,0.0649711715374807
"943",0.861230555612994,0.439051940405664,0.147895795566584
"944",0.825192455971437,0.591862678585211,0.107745928205672
"945",0.631028580904544,0.433017270261764,0.110020770651854
"946",0.615103706814969,0.536791392969176,0.227346443657971
"947",0.729632415963461,0.611627567676911,0.172263924246157
"948",0.974667892444802,0.422125256001505,0.256666040098382
"949",0.964551431468189,0.195452066211197,0.205030994046373
"950",0.934686012708496,0.373608564420853,0.0960065689687524
"951",0.811586466242372,0.32862362888058,0.130093501413435
"952",0.616291950545583,0.324656937520782,0.0499660253607809
"953",0.781507421205033,0.608129007802753,0.334783599911083
"954",0.764173701388224,0.611595725674384,0.0727166397036622
"955",0.652587453536292,0.640274546948414,0.420595988582768
"956",0.901541165343479,0.292708372086138,0.486144901108866
"957",0.98698717465523,0.564333672810788,0.288972537568014
"958",0.928718787797917,0.310959052789885,0.206443826952953
"959",0.567693364325424,0.626464574549459,0.270984894006895
"960",0.828932150322938,0.707288018767596,0.382144139530198
"961",0.762283730876957,0.598471326847055,0.292303344325877
"962",0.651384701544108,0.384679439451274,0.44646176363545
"963",0.875360188115997,0.406055517827425,0.103975080308962
"964",0.379422758625722,0.502395838140069,0.0955211288521852
"965",0.692039788867817,0.386899415597998,0.519147692478036
"966",0.599341610347043,0.361443005965079,0.575444674807247
"967",0.954293142099115,0.592280219917744,0.238073302448594
"968",0.544657239360212,0.349125701008215,0.145033974235939
"969",0.63887806944505,0.648058501015953,0.551669700084907
"970",0.513904234167998,0.484332191417461,0.189478506365704
"971",0.72081520223422,0.522565719783183,0.275981302555441
"972",0.889317389896899,0.513676844265465,0.210551481691037
"973",0.875822287434366,0.692935262876524,0.123116516339485
"974",0.885099327154738,0.282153666290017,0.53253385185584
"975",0.731549234981178,0.239584080620705,0.213534353633685
"976",0.911484451983255,0.786157375997457,0.168553377904715
"977",0.767695101807865,0.349043993685595,0.333946012865818
"978",0.882419168981481,0.517350709924644,0.580274935515746
"979",0.219886729100814,0.500960285726915,0.0438162472352862
"980",0.321657031445571,0.184785176120449,0.083321911715294
"981",0.655172988860602,0.251133699702054,0.140856505354698
"982",0.898876022091205,0.306863607503034,0.268253842810616
"983",0.850370805837665,0.377277621784286,0.178818696125995
"984",0.809731001779587,0.541442551373588,0.189750793113254
"985",0.541655799943094,0.400541908105405,0.243503576916135
"986",0.820378404091674,0.61107019249366,0.295828490300735
"987",0.798149450287332,0.288702699684631,0.336093993937187
"988",0.931593509155094,0.66672767287038,0.310189910391264
"989",0.479659019588176,0.38169653262451,0.147728353063401
"990",0.979890396519189,0.776058921021215,0.222502594081627
"991",0.667855018721907,0.672736979159141,0.388030733994783
"992",0.828474184961234,0.442784609731363,0.509004732378836
"993",0.653240170214817,0.616768423799556,0.107027453824021
"994",0.673087414902017,0.263308331782903,0.337373507996996
"995",0.87177075062578,0.482058526478097,0.405923015619693
"996",0.893552909298283,0.400493312070006,0.0814887244420541
"997",0.722128567159195,0.634291453723417,0.548629579603018
"998",0.778213314334921,0.474093119615875,0.103835985400825
"999",0.741416988007201,0.143329499319425,0.433596143962353
"1000",0.509600914427501,0.485745154870614,0.727162755282727
